source,target,weight
AIYR,SIBDR,128400.0
AIYR,CEPVR,5040.0
AIYR,ASKR,2280.0
AIYR,RIBR,881040.0
AIYR,RIS,622440.0
AIYR,AWCL,580080.0
AIYR,RIH,147000.0
AIYR,FLPR,2160.0
AIYR,URYDR,34680.0
AIYR,AVJL,531000.0
AIYR,AVBR,28920.0
AIYR,AWBR,521160.0
AIYR,URXR,57600.0
AIYR,AIYL,107880.0
AIYR,IL2R,12120.0
AIYR,AUAL,52440.0
AIYR,AIAR,14160.0
AIYR,RIMR,77640.0
AIYR,AFDR,1716840.0
AIYR,ASEL,622680.0
AIYR,AUAR,1391400.0
AIYR,AINR,67920.0
AIYR,ADFR,536880.0
AIYR,ADFL,45000.0
AIYR,SMBVR,136680.0
AIYR,AINL,138000.0
AIYR,PVQR,37200.0
AIYR,AWCR,438600.0
AIYR,RIR,58440.0
AIYR,RIVR,4440.0
AIYR,OLLR,2040.0
AIYR,IL1DR,16560.0
AIYR,OLQDR,26160.0
AIYR,RIFR,62040.0
AIYR,AIMR,9240.0
AIYR,IL2DR,4560.0
AIYR,ASER,1103040.0
AIYR,BAGR,21600.0
AIYR,RIGL,4800.0
AIYR,AFDL,106200.0
AIYR,RIGR,87720.0
AIYR,BAGL,272760.0
AIYR,AIBR,143400.0
AIYR,PVCL,66240.0
AIYR,AIBL,2640.0
AIYR,AWAR,264000.0
AIYR,ASIR,500280.0
AIYR,AIZL,56160.0
AIYR,RIBL,10800.0
AIYR,AIZR,1370400.0
AIYR,RIAR,414000.0
AIYR,ASHR,18120.0
SIBDR,CEPVR,107760.0
SIBDR,ADLL,2040.0
SIBDR,DB1,46320.0
SIBDR,ASKR,4440.0
SIBDR,RIBR,203640.0
SIBDR,SIADL,26520.0
SIBDR,RICR,476880.0
SIBDR,AVAL,59400.0
SIBDR,RIVL,173040.0
SIBDR,ASKL,8640.0
SIBDR,RID,12240.0
SIBDR,URBL,72840.0
SIBDR,AVJR,7680.0
SIBDR,URYDR,28200.0
SIBDR,IL2VR,15720.0
SIBDR,URYDL,21240.0
SIBDR,URBR,116040.0
SIBDR,ASJL,6840.0
SIBDR,AWBR,84840.0
SIBDR,SMDDL,28320.0
SIBDR,BWM-VR04,12960.0
SIBDR,ALML,74760.0
SIBDR,AWBL,5400.0
SIBDR,SMDDR,289680.0
SIBDR,AVBL,65400.0
SIBDR,RMDR,42240.0
SIBDR,SMDVR,91680.0
SIBDR,BWM-VR06,27120.0
SIBDR,SMDVL,54480.0
SIBDR,URXL,77640.0
SIBDR,RMDL,194400.0
SIBDR,ALA,12720.0
SIBDR,RMDDR,35640.0
SIBDR,ADAR,267600.0
SIBDR,RICL,89160.0
SIBDR,IL2L,8160.0
SIBDR,ADAL,19560.0
SIBDR,SIBDL,57480.0
SIBDR,RIMR,309000.0
SIBDR,AFDR,33240.0
SIBDR,AUAR,68280.0
SIBDR,PVQL,14280.0
SIBDR,SIBVL,172200.0
SIBDR,SAADR,73920.0
SIBDR,AVHL,6000.0
SIBDR,AVL,30720.0
SIBDR,SMBVR,446160.0
SIBDR,OLQVR,103680.0
SIBDR,AWCR,147720.0
SIBDR,OLLL,30720.0
SIBDR,RIR,23520.0
SIBDR,DVA,48480.0
SIBDR,SMBDR,775080.0
SIBDR,RIML,38880.0
SIBDR,SMBDL,71400.0
SIBDR,RIVR,115440.0
SIBDR,AVEL,33240.0
SIBDR,AIML,23400.0
SIBDR,URYVR,44520.0
SIBDR,excgl,14640.0
SIBDR,URAVR,16200.0
SIBDR,BAGR,47280.0
SIBDR,RMGL,63120.0
SIBDR,RIGR,41640.0
SIBDR,BAGL,51120.0
SIBDR,PVCR,14640.0
SIBDR,RMDVR,59040.0
SIBDR,RMDVL,48720.0
SIBDR,AIBL,33720.0
SIBDR,AVAR,54000.0
SIBDR,PVPR,9240.0
SIBDR,AIZL,64200.0
SIBDR,IL1VR,42120.0
SIBDR,SIBVR,692400.0
SIBDR,SIADR,641040.0
SIBDR,SAAVL,133680.0
SIBDR,AIZR,83040.0
SIBDR,ASHL,43560.0
SIBDR,SAAVR,95400.0
SIBDR,RIAR,73680.0
SIBDR,SIAVL,15720.0
SIBDR,AVDR,19920.0
SIBDR,SIAVR,960360.0
SIBDR,AVDL,25440.0
CEPVR,RIBR,108360.0
CEPVR,RIS,357960.0
CEPVR,RICR,411960.0
CEPVR,AWCL,31800.0
CEPVR,RIH,489360.0
CEPVR,RIVL,47520.0
CEPVR,IL2VR,432840.0
CEPVR,AVJL,38040.0
CEPVR,URBR,298560.0
CEPVR,AVBR,52800.0
CEPVR,BWM-VR08,192600.0
CEPVR,BWM-VR03,316800.0
CEPVR,BWM-VR02,34680.0
CEPVR,BWM-VR01,376080.0
CEPVR,BWM-VR05,250080.0
CEPVR,BWM-VR04,105720.0
CEPVR,SMDDR,5520.0
CEPVR,ALMR,96600.0
CEPVR,ASJR,39960.0
CEPVR,RMDR,531000.0
CEPVR,BWM-VR06,117120.0
CEPVR,SMDVL,379920.0
CEPVR,RMDL,200280.0
CEPVR,ASGR,39000.0
CEPVR,RMDDR,546960.0
CEPVR,RICL,327600.0
CEPVR,RMGR,173880.0
CEPVR,AIAR,2160.0
CEPVR,RMER,39240.0
CEPVR,AFDR,42840.0
CEPVR,RMEV,97560.0
CEPVR,BWM-VR07,24000.0
CEPVR,AUAR,53760.0
CEPVR,SIBVL,30120.0
CEPVR,SMBVR,312240.0
CEPVR,AINL,22680.0
CEPVR,PVQR,2280.0
CEPVR,OLQVR,36960.0
CEPVR,AWCR,45600.0
CEPVR,SMBDR,16080.0
CEPVR,OLLR,434880.0
CEPVR,PVR,376560.0
CEPVR,AVEL,230400.0
CEPVR,RIFR,35160.0
CEPVR,AIMR,75840.0
CEPVR,URYVR,999000.0
CEPVR,excgl,81960.0
CEPVR,URAVR,99600.0
CEPVR,BAGL,160800.0
CEPVR,AIBR,25320.0
CEPVR,AVKR,240.0
CEPVR,RIPR,88200.0
CEPVR,RMDVL,89400.0
CEPVR,AIBL,14880.0
CEPVR,PVPR,1560.0
CEPVR,ASIR,55080.0
CEPVR,IL1VR,484200.0
CEPVR,SIBVR,41520.0
CEPVR,RIAR,816360.0
CEPVR,SIAVR,64920.0
CEPVR,AVDL,45480.0
CEPVR,RIAL,77760.0
ADLL,ADLR,117600.0
ADLL,ASKR,174480.0
ADLL,AWCL,630480.0
ADLL,ASKL,1187040.0
ADLL,URBL,29880.0
ADLL,URYDL,18960.0
ADLL,AVJL,41280.0
ADLL,ASJL,115800.0
ADLL,ALML,21360.0
ADLL,AWBL,11160.0
ADLL,URXL,19080.0
ADLL,ALA,327240.0
ADLL,IL2L,11640.0
ADLL,ADAL,38280.0
ADLL,AIAR,960.0
ADLL,AIAL,243000.0
ADLL,ASEL,72000.0
ADLL,PVQL,345720.0
ADLL,IL1DL,52920.0
ADLL,AWCR,11760.0
ADLL,OLLL,19920.0
ADLL,IL1L,77520.0
ADLL,AVEL,10200.0
ADLL,AIML,1920.0
ADLL,OLQDL,13080.0
ADLL,RMGL,38280.0
ADLL,AIBL,313320.0
ADLL,ASIL,132120.0
ADLL,ASIR,53760.0
ADLL,AWAL,185760.0
ADLL,SMBVL,130800.0
ADLL,SIADR,840.0
ADLL,SAAVL,44880.0
ADLL,ASHL,58560.0
ADLL,AVDL,35640.0
CANR,ADLR,36600.0
CANR,ALA,35880.0
CANR,AVER,5280.0
CEPVL,RIS,212880.0
CEPVL,RICR,237840.0
CEPVL,AWCL,53040.0
CEPVL,RIH,678720.0
CEPVL,ASKL,10920.0
CEPVL,RID,85920.0
CEPVL,CEPDL,960.0
CEPVL,URBL,62760.0
CEPVL,AVJR,54840.0
CEPVL,IL2VL,423600.0
CEPVL,ASJL,41040.0
CEPVL,SMDDL,3600.0
CEPVL,ALML,50280.0
CEPVL,RMDR,92160.0
CEPVL,SMDVR,410040.0
CEPVL,RMDL,210720.0
CEPVL,BWM-VL04,124800.0
CEPVL,RICL,368280.0
CEPVL,ADAL,32160.0
CEPVL,AUAL,59880.0
CEPVL,RIMR,104520.0
CEPVL,RMEV,41160.0
CEPVL,AIAL,6000.0
CEPVL,RMDDL,636600.0
CEPVL,AINR,83520.0
CEPVL,PVQL,99360.0
CEPVL,OLLL,389760.0
CEPVL,ASGL,38400.0
CEPVL,PVR,547320.0
CEPVL,URYVL,445920.0
CEPVL,AIML,65280.0
CEPVL,OLQVL,379920.0
CEPVL,AVER,211080.0
CEPVL,RIFL,48120.0
CEPVL,URAVL,126480.0
CEPVL,BAGR,101040.0
CEPVL,AFDL,4680.0
CEPVL,RMGL,82440.0
CEPVL,BWM-VL05,186360.0
CEPVL,BDUL,26160.0
CEPVL,BWM-VL06,195480.0
CEPVL,BWM-VL01,286680.0
CEPVL,BWM-VL03,209400.0
CEPVL,BWM-VL02,20400.0
CEPVL,BWM-VL08,258000.0
CEPVL,PVCR,31200.0
CEPVL,RMDVR,195960.0
CEPVL,AIBL,2520.0
CEPVL,ASIL,47160.0
CEPVL,SIBVR,6120.0
CEPVL,RIBL,86640.0
CEPVL,SMBVL,295200.0
CEPVL,IL1VL,421680.0
CEPVL,RIAR,115560.0
CEPVL,AVDR,51480.0
CEPVL,RIAL,437280.0
DB1,RIS,97080.0
DB1,RICR,2400.0
DB1,AVBR,122040.0
DB1,SABD,1320.0
DB1,AIAR,53640.0
DB1,RIMR,28560.0
DB1,AFDR,44880.0
DB1,AUAR,137640.0
DB1,AINR,107760.0
DB1,SIBVL,30720.0
DB1,SMBVR,23520.0
DB1,AINL,8400.0
DB1,DA1,91680.0
DB1,AIMR,11040.0
DB1,SIAVR,11400.0
DB1,ASHR,211080.0
ADLR,ASKR,1150560.0
ADLR,AWCL,7680.0
ADLR,AVJR,41880.0
ADLR,URYDR,20160.0
ADLR,AWBR,39480.0
ADLR,ALMR,15480.0
ADLR,ASJR,66600.0
ADLR,URXR,20640.0
ADLR,ALA,563880.0
ADLR,ADAR,142920.0
ADLR,IL2R,72960.0
ADLR,RMGR,54960.0
ADLR,SIBDL,29400.0
ADLR,AIAR,187680.0
ADLR,AVHL,107880.0
ADLR,SMBVR,507240.0
ADLR,PVQR,613200.0
ADLR,AWCR,796200.0
ADLR,IL1R,57480.0
ADLR,OLLR,47640.0
ADLR,IL1DR,24600.0
ADLR,OLQDR,33720.0
ADLR,IL2DR,16200.0
ADLR,AVER,25440.0
ADLR,ASER,296640.0
ADLR,AIBR,495360.0
ADLR,AWAR,423480.0
ADLR,AVHR,19320.0
ADLR,ASIR,115800.0
ADLR,SAAVR,6000.0
ADLR,AVDR,29160.0
ADLR,SIAVR,19320.0
ADLR,ASHR,167760.0
ASKR,AWCL,14040.0
ASKR,ASKL,146640.0
ASKR,URYDR,2520.0
ASKR,AWBR,1920.0
ASKR,ASJR,609960.0
ASKR,URXR,7920.0
ASKR,ASGR,5040.0
ASKR,ALA,154560.0
ASKR,ADAR,48720.0
ASKR,RMGR,4680.0
ASKR,SABD,47640.0
ASKR,AIAR,1404120.0
ASKR,AINR,155280.0
ASKR,AVHL,1680.0
ASKR,SMBVR,2760.0
ASKR,PVQR,1158480.0
ASKR,AWCR,122760.0
ASKR,OLQDR,1080.0
ASKR,RIFR,455760.0
ASKR,AIMR,246720.0
ASKR,ASER,100080.0
ASKR,AIBR,467400.0
ASKR,AWAR,150240.0
ASKR,ASIR,94080.0
ASKR,SAAVL,3240.0
ASKR,ASHR,153480.0
BWM-DL06,CEPDL,307440.0
BWM-DL06,URBL,6120.0
BWM-DL06,URYDL,7080.0
BWM-DL06,SMDDR,1800.0
BWM-DL06,RMDR,105240.0
BWM-DL06,URXL,7200.0
BWM-DL06,RMDL,10920.0
BWM-DL06,BWM-DL04,230280.0
BWM-DL06,RMEL,54720.0
BWM-DL06,SIBVL,41400.0
BWM-DL06,BWM-DL08,86400.0
BWM-DL06,AVL,14520.0
BWM-DL06,SMBDR,29640.0
BWM-DL06,PVR,1680.0
BWM-DL06,PVT,37440.0
BWM-DL06,RMGL,42720.0
BWM-DL06,URADL,4440.0
BWM-DL06,RMDVR,11160.0
BWM-DL06,SAAVL,5040.0
BWM-DL05,BWM-DL01,29040.0
BWM-DL05,RICR,53760.0
BWM-DL05,RIVL,25440.0
BWM-DL05,CEPDL,152280.0
BWM-DL05,SMDDR,47520.0
BWM-DL05,RMDDR,102240.0
BWM-DL05,RICL,6720.0
BWM-DL05,SIBDL,2280.0
BWM-DL05,RMDDL,7320.0
BWM-DL05,RMED,29880.0
BWM-DL05,SIBVL,27480.0
BWM-DL05,SMBDR,56040.0
BWM-DL05,SMBDL,1920.0
BWM-DL05,RIVR,10200.0
BWM-DL05,BWM-DL03,343920.0
BWM-DL05,RMDVL,81600.0
RIBR,SIADL,5160.0
RIBR,RIS,989760.0
RIBR,RIH,29640.0
RIBR,URYDR,239760.0
RIBR,CEPDR,15360.0
RIBR,AVBR,34440.0
RIBR,AWBR,52440.0
RIBR,SMDDL,250080.0
RIBR,SMDDR,142680.0
RIBR,AVBL,121320.0
RIBR,URXR,43560.0
RIBR,SMDVR,133800.0
RIBR,SMDVL,409560.0
RIBR,RMDL,60120.0
RIBR,IL2R,44520.0
RIBR,RIMR,335640.0
RIBR,RMER,212880.0
RIBR,RMEV,450840.0
RIBR,RMED,257160.0
RIBR,AUAR,852960.0
RIBR,AINR,48360.0
RIBR,SIBVL,85680.0
RIBR,ADFR,104640.0
RIBR,AVL,142080.0
RIBR,AINL,134280.0
RIBR,OLQVR,142320.0
RIBR,OLLL,5400.0
RIBR,RIR,27600.0
RIBR,DVA,5880.0
RIBR,RIML,31560.0
RIBR,RIVR,45000.0
RIBR,OLLR,332640.0
RIBR,IL1DR,19320.0
RIBR,OLQDR,32880.0
RIBR,PVT,199200.0
RIBR,AVEL,502080.0
RIBR,URYVR,357000.0
RIBR,IL2DR,240.0
RIBR,AVER,74640.0
RIBR,ASER,34560.0
RIBR,URAVR,81840.0
RIBR,BAGR,180360.0
RIBR,RIGR,73440.0
RIBR,BAGL,1084440.0
RIBR,AVKL,20040.0
RIBR,AIBL,178320.0
RIBR,AWAR,43680.0
RIBR,AVAR,148320.0
RIBR,SIBVR,19320.0
RIBR,RIBL,96720.0
RIBR,SIADR,31680.0
RIBR,AIZR,644040.0
RIBR,SAAVR,9120.0
RIBR,RIAR,990240.0
RIBR,SIAVR,34800.0
RIBR,AVDL,53040.0
SIADL,RIS,6360.0
SIADL,RICR,18720.0
SIADL,AVAL,1560.0
SIADL,IL2VL,9960.0
SIADL,URYDL,45840.0
SIADL,URBR,1800.0
SIADL,AVBR,97200.0
SIADL,SMDDL,225480.0
SIADL,AWBL,2400.0
SIADL,SMDDR,62160.0
SIADL,ALMR,89280.0
SIADL,ASJR,24600.0
SIADL,RMDR,162600.0
SIADL,URXR,69000.0
SIADL,SMDVR,347880.0
SIADL,SMDVL,508800.0
SIADL,RMDL,109560.0
SIADL,ALA,13200.0
SIADL,RMDDR,52200.0
SIADL,ADAR,61920.0
SIADL,RICL,66240.0
SIADL,SIBDL,423480.0
SIADL,RIMR,32400.0
SIADL,RMDDL,143520.0
SIADL,SIBVL,178200.0
SIADL,SAADL,103320.0
SIADL,RIR,1800.0
SIADL,DVA,271440.0
SIADL,SMBDR,600.0
SIADL,RIML,263400.0
SIADL,SMBDL,908400.0
SIADL,RIVR,32400.0
SIADL,AVEL,87840.0
SIADL,URYVL,66120.0
SIADL,AIMR,16080.0
SIADL,AVER,247200.0
SIADL,URAVL,31440.0
SIADL,RIGL,26160.0
SIADL,BAGL,2760.0
SIADL,AIBR,420840.0
SIADL,AVKR,193200.0
SIADL,RMDVR,49800.0
SIADL,RMDVL,54240.0
SIADL,AVKL,269040.0
SIADL,AVAR,187920.0
SIADL,AVHR,18840.0
SIADL,AIZL,178440.0
SIADL,SIBVR,25560.0
SIADL,RIBL,50040.0
SIADL,SIADR,99720.0
SIADL,SAAVL,41040.0
SIADL,IL1VL,9600.0
SIADL,SAAVR,3000.0
SIADL,RIAR,47400.0
SIADL,SIAVL,498840.0
SIADL,SIAVR,31800.0
SIADL,RIAL,69960.0
SIADL,ASHR,23520.0
RIS,RICR,1560.0
RIS,AVAL,32280.0
RIS,RIH,254880.0
RIS,RIVL,270240.0
RIS,RID,36000.0
RIS,CEPDL,188040.0
RIS,AVJR,177840.0
RIS,URYDR,72480.0
RIS,URYDL,3840.0
RIS,AVJL,109560.0
RIS,CEPDR,159240.0
RIS,AVBR,64560.0
RIS,SMDDL,646080.0
RIS,SMDDR,668760.0
RIS,AVBL,14520.0
RIS,RMDR,496920.0
RIS,SMDVR,861720.0
RIS,SMDVL,936480.0
RIS,URXL,7560.0
RIS,RMDL,325320.0
RIS,RMDDR,81600.0
RIS,RICL,42240.0
RIS,AIYL,83880.0
RIS,RMGR,17160.0
RIS,SIBDL,6360.0
RIS,SABD,180600.0
RIS,AIAR,17400.0
RIS,RIMR,455880.0
RIS,RMER,212160.0
RIS,RMEV,1319760.0
RIS,RMEL,212280.0
RIS,RMED,417600.0
RIS,AUAR,32880.0
RIS,SAADR,39240.0
RIS,AVL,1835640.0
RIS,SMBVR,151080.0
RIS,SAADL,840.0
RIS,AINL,5760.0
RIS,OLQVR,43560.0
RIS,OLLL,17040.0
RIS,DVA,1320.0
RIS,RIML,356280.0
RIS,RIVR,70800.0
RIS,IL1DR,12720.0
RIS,OLQDR,57240.0
RIS,PVT,75360.0
RIS,AVEL,151680.0
RIS,URYVL,83040.0
RIS,URYVR,64200.0
RIS,OLQVL,60240.0
RIS,AVER,367560.0
RIS,OLQDL,233160.0
RIS,excgl,614880.0
RIS,BAGR,7080.0
RIS,RIGL,32280.0
RIS,RMGL,25800.0
RIS,BDUR,7200.0
RIS,AIBR,480.0
RIS,PVCR,4680.0
RIS,AVKR,470760.0
RIS,RMDVL,43200.0
RIS,AVKL,543360.0
RIS,PVCL,132840.0
RIS,ADER,111720.0
RIS,ADEL,64200.0
RIS,RIBL,1073400.0
RIS,SIADR,28440.0
RIS,SAAVL,55680.0
RIS,ASHL,9360.0
RIS,RIAR,13920.0
RIS,RIAL,51000.0
RIS,ASHR,61800.0
BWM-DL01,RICR,51840.0
BWM-DL01,URYDL,4200.0
BWM-DL01,SMDDL,36240.0
BWM-DL01,SMDDR,31320.0
BWM-DL01,SMDVR,47400.0
BWM-DL01,SMDVL,49200.0
BWM-DL01,RMDDR,178920.0
BWM-DL01,RICL,60720.0
BWM-DL01,RMEV,167160.0
BWM-DL01,RMEL,8640.0
BWM-DL01,RMDDL,62880.0
BWM-DL01,RMED,52080.0
BWM-DL01,BWM-DR03,114360.0
BWM-DL01,IL1DL,78480.0
BWM-DL01,BWM-DR01,173880.0
BWM-DL01,SMBDR,169440.0
BWM-DL01,PVR,149880.0
BWM-DL01,OLQDL,4680.0
BWM-DL01,BWM-DL03,662400.0
BWM-DL01,BDUL,5400.0
BWM-DL01,URADL,291360.0
BWM-DL01,RIPL,149760.0
BWM-DL01,RMDVL,69000.0
BWM-DL01,BWM-DL02,1080.0
RICR,AVAL,616080.0
RICR,RIVL,117360.0
RICR,RID,118320.0
RICR,CEPDL,66240.0
RICR,URBL,111360.0
RICR,AVJR,4920.0
RICR,URYDR,25680.0
RICR,IL2VR,56640.0
RICR,IL2VL,33600.0
RICR,AVJL,10320.0
RICR,URBR,264360.0
RICR,CEPDR,110280.0
RICR,AVBR,51240.0
RICR,BWM-VR03,5400.0
RICR,BWM-VR02,19920.0
RICR,SMDDL,233760.0
RICR,BWM-VR04,45120.0
RICR,SMDDR,95880.0
RICR,ALMR,87960.0
RICR,RMDR,36120.0
RICR,URXR,155880.0
RICR,SMDVR,53040.0
RICR,BWM-VR06,56400.0
RICR,SMDVL,32040.0
RICR,RMDL,240600.0
RICR,ASGR,1800.0
RICR,ADAR,698520.0
RICR,RICL,1878720.0
RICR,IL2R,31200.0
RICR,ADAL,541920.0
RICR,RMGR,114840.0
RICR,SIBDL,97800.0
RICR,SABD,136320.0
RICR,RMDDL,175200.0
RICR,SIBVL,736320.0
RICR,SAADR,25680.0
RICR,SMBVR,171240.0
RICR,SAADL,22560.0
RICR,BWM-DR07,88080.0
RICR,PVQR,14400.0
RICR,OLQVR,300000.0
RICR,DA1,32400.0
RICR,IL1R,53160.0
RICR,DVA,316080.0
RICR,SMBDR,279240.0
RICR,SMBDL,98760.0
RICR,RIVR,353160.0
RICR,OLLR,240.0
RICR,OLQDR,161040.0
RICR,PVR,46320.0
RICR,IL2DL,27720.0
RICR,URYVL,30120.0
RICR,AIMR,81720.0
RICR,URYVR,24480.0
RICR,IL2DR,6360.0
RICR,OLQVL,69000.0
RICR,AVER,30600.0
RICR,OLQDL,198720.0
RICR,URAVL,480.0
RICR,excgl,943200.0
RICR,BWM-DL03,113520.0
RICR,RMGL,18240.0
RICR,BWM-VL05,9360.0
RICR,URADL,64080.0
RICR,RMDVR,29760.0
RICR,URADR,29880.0
RICR,AIBL,102240.0
RICR,AVAR,286800.0
RICR,BWM-DR05,40200.0
RICR,IL1VR,49800.0
RICR,SIBVR,336720.0
RICR,SMBVL,39240.0
RICR,SIADR,140520.0
RICR,SAAVL,53280.0
RICR,IL1VL,30120.0
RICR,AIZR,19080.0
RICR,SAAVR,74880.0
RICR,RIAR,121440.0
RICR,SIAVL,112920.0
RICR,AVDR,107160.0
RICR,SIAVR,311520.0
RICR,ASHR,100320.0
AVAL,RIH,18840.0
AVAL,RIVL,335640.0
AVAL,RID,381000.0
AVAL,URBL,3240.0
AVAL,FLPR,47160.0
AVAL,AVJR,244320.0
AVAL,URYDR,4920.0
AVAL,URYDL,40440.0
AVAL,FLPL,188640.0
AVAL,AVBR,248520.0
AVAL,SMDDL,91080.0
AVAL,SMDDR,612240.0
AVAL,AVBL,188520.0
AVAL,RMDR,240.0
AVAL,SMDVR,46920.0
AVAL,SMDVL,198120.0
AVAL,RMDL,43080.0
AVAL,ADAR,654480.0
AVAL,RICL,234600.0
AVAL,ADAL,400440.0
AVAL,RMGR,120.0
AVAL,SIBDL,34800.0
AVAL,AUAL,74280.0
AVAL,RIMR,719760.0
AVAL,RMDDL,153960.0
AVAL,AINR,5640.0
AVAL,SAADR,155640.0
AVAL,AVHL,16680.0
AVAL,SAADL,140040.0
AVAL,AWCR,5880.0
AVAL,RIR,69120.0
AVAL,DVA,191880.0
AVAL,SMBDR,42720.0
AVAL,DVC,408000.0
AVAL,RIML,175560.0
AVAL,SMBDL,12600.0
AVAL,RIVR,7920.0
AVAL,PVR,11400.0
AVAL,AVEL,60960.0
AVAL,URYVR,40560.0
AVAL,OLQDL,5280.0
AVAL,BAGR,164880.0
AVAL,RMGL,21360.0
AVAL,RIGR,12360.0
AVAL,BAGL,114360.0
AVAL,PVCR,206760.0
AVAL,RMDVR,5280.0
AVAL,RMDVL,180240.0
AVAL,AVKL,173640.0
AVAL,AIBL,561000.0
AVAL,ASIL,3960.0
AVAL,ADER,140880.0
AVAL,PVPL,116160.0
AVAL,AVAR,157680.0
AVAL,PVPR,194280.0
AVAL,AVHR,12240.0
AVAL,ADEL,87960.0
AVAL,SIBVR,34200.0
AVAL,RIBL,124800.0
AVAL,SMBVL,840.0
AVAL,SIADR,58680.0
AVAL,SAAVL,914520.0
AVAL,ASHL,135600.0
AVAL,SAAVR,408840.0
AVAL,RIAR,95520.0
AVAL,SIAVL,57240.0
AVAL,AVDR,187440.0
AVAL,AVDL,60840.0
AVAL,RIAL,127080.0
AWCL,ASKL,67440.0
AWCL,URBL,4200.0
AWCL,URYDR,18480.0
AWCL,URYDL,17880.0
AWCL,AVJL,360.0
AWCL,CEPDR,17520.0
AWCL,ASJL,2640.0
AWCL,AWBL,216000.0
AWCL,URXR,14880.0
AWCL,URXL,5880.0
AWCL,ASGR,56640.0
AWCL,AIYL,560520.0
AWCL,IL2L,15840.0
AWCL,IL2R,6960.0
AWCL,SIBDL,157560.0
AWCL,AIAR,501480.0
AWCL,AFDR,576240.0
AWCL,AIAL,700560.0
AWCL,ASEL,559680.0
AWCL,AUAR,22320.0
AWCL,AINR,28560.0
AWCL,ADFL,21960.0
AWCL,AINL,520560.0
AWCL,IL1DL,53040.0
AWCL,AWCR,991680.0
AWCL,OLLL,39240.0
AWCL,IL1R,480.0
AWCL,ASGL,97320.0
AWCL,RIML,91920.0
AWCL,IL1L,48960.0
AWCL,IL1DR,11040.0
AWCL,OLQDR,33600.0
AWCL,AIMR,480.0
AWCL,IL2DR,39840.0
AWCL,OLQDL,27000.0
AWCL,ASER,392400.0
AWCL,BAGR,30360.0
AWCL,AFDL,171960.0
AWCL,BAGL,30480.0
AWCL,AIBR,464520.0
AWCL,AIBL,1034400.0
AWCL,AWAR,5160.0
AWCL,ASIL,1230480.0
AWCL,AVAR,960.0
AWCL,ASIR,884520.0
AWCL,AWAL,6240.0
AWCL,AIZL,42960.0
AWCL,RIBL,52320.0
AWCL,AIZR,22440.0
AWCL,SAAVR,34080.0
AWCL,RIAR,21960.0
RIH,RIVL,84120.0
RIH,CEPDL,218520.0
RIH,FLPR,678240.0
RIH,URYDR,54480.0
RIH,IL2VR,386160.0
RIH,IL2VL,318480.0
RIH,URYDL,91680.0
RIH,FLPL,1139640.0
RIH,AVJL,30600.0
RIH,CEPDR,184320.0
RIH,SMDDR,16080.0
RIH,AVBL,720.0
RIH,URXR,31080.0
RIH,URXL,16080.0
RIH,RMDDR,117000.0
RIH,ADAR,54720.0
RIH,AIYL,399960.0
RIH,IL2L,400680.0
RIH,IL2R,612480.0
RIH,ADAL,70200.0
RIH,AUAL,9240.0
RIH,RMER,460800.0
RIH,RMEV,573480.0
RIH,RMEL,309720.0
RIH,RMED,601800.0
RIH,AINR,50640.0
RIH,SIBVL,48480.0
RIH,SAADR,75120.0
RIH,ADFR,83160.0
RIH,AVL,49680.0
RIH,ADFL,28080.0
RIH,SAADL,120.0
RIH,AINL,61200.0
RIH,OLQVR,1176000.0
RIH,IL1DL,50280.0
RIH,RIR,618720.0
RIH,SMBDR,253920.0
RIH,SMBDL,199080.0
RIH,RIVR,217320.0
RIH,IL1DR,1680.0
RIH,OLQDR,636360.0
RIH,PVT,19560.0
RIH,IL2DL,416760.0
RIH,URYVL,625800.0
RIH,URYVR,210720.0
RIH,IL2DR,812160.0
RIH,OLQVL,1047840.0
RIH,AVER,72840.0
RIH,OLQDL,211680.0
RIH,URAVL,77880.0
RIH,excgl,38760.0
RIH,URAVR,102000.0
RIH,BAGR,133320.0
RIH,RIGL,237000.0
RIH,BDUR,10440.0
RIH,RIGR,448080.0
RIH,BAGL,89040.0
RIH,PVCR,28440.0
RIH,RIPL,573720.0
RIH,RIPR,745320.0
RIH,AVKL,3600.0
RIH,URADR,38520.0
RIH,PVCL,412680.0
RIH,ADER,105960.0
RIH,AVAR,8760.0
RIH,ADEL,274080.0
RIH,AIZL,367560.0
RIH,IL1VR,79200.0
RIH,SIBVR,77520.0
RIH,RIBL,52320.0
RIH,IL1VL,64560.0
RIH,AIZR,346800.0
RIH,SAAVR,102600.0
RIH,RIAR,671640.0
RIH,AVDR,150960.0
RIH,SIAVR,28920.0
RIH,RIAL,613800.0
RIVL,RID,91440.0
RIVL,URBL,91200.0
RIVL,AVJR,12360.0
RIVL,URYDR,32520.0
RIVL,URYDL,21720.0
RIVL,FLPL,75120.0
RIVL,AVBR,4920.0
RIVL,SMDDL,3120.0
RIVL,ALML,4080.0
RIVL,SMDDR,714000.0
RIVL,AVBL,9240.0
RIVL,SMDVR,3840.0
RIVL,SMDVL,414120.0
RIVL,RMDL,252600.0
RIVL,RMDDR,271080.0
RIVL,ADAR,246720.0
RIVL,RICL,245880.0
RIVL,AIYL,38760.0
RIVL,IL2L,18240.0
RIVL,ADAL,29640.0
RIVL,RMGR,170280.0
RIVL,SIBDL,276000.0
RIVL,AUAL,79680.0
RIVL,RIMR,66480.0
RIVL,RMEV,58440.0
RIVL,BWM-VR07,49200.0
RIVL,AINR,25920.0
RIVL,SIBVL,8520.0
RIVL,SAADR,607800.0
RIVL,AVHL,30960.0
RIVL,AVL,336000.0
RIVL,BWM-DR04,720.0
RIVL,BWM-DR07,720.0
RIVL,AWCR,10560.0
RIVL,RIR,304440.0
RIVL,SMBDR,141480.0
RIVL,DVC,86160.0
RIVL,RIML,553200.0
RIVL,SMBDL,49080.0
RIVL,IL1L,85440.0
RIVL,RIVR,625200.0
RIVL,PVR,16320.0
RIVL,PVT,21720.0
RIVL,AVEL,82440.0
RIVL,excgl,220320.0
RIVL,BWM-DL03,13200.0
RIVL,BAGR,43680.0
RIVL,RIGR,551880.0
RIVL,BAGL,70680.0
RIVL,AIBR,15240.0
RIVL,AVKR,52800.0
RIVL,RMDVL,235200.0
RIVL,AVKL,201480.0
RIVL,AIBL,764040.0
RIVL,PVPL,4440.0
RIVL,AVAR,14520.0
RIVL,AVHR,2040.0
RIVL,BWM-DR05,22680.0
RIVL,SIBVR,13800.0
RIVL,RIBL,7320.0
RIVL,SIADR,32520.0
RIVL,SAAVL,166200.0
RIVL,SAAVR,222000.0
RIVL,RIAR,139800.0
RIVL,AVDR,1440.0
RIVL,SIAVR,236640.0
RIVL,AVDL,42600.0
RIVL,RIAL,323760.0
ASKL,URBL,11760.0
ASKL,URYDL,4920.0
ASKL,ASJL,582360.0
ASKL,AWBL,24720.0
ASKL,SMDDR,1200.0
ASKL,ASJR,82320.0
ASKL,ALA,120720.0
ASKL,IL2L,19080.0
ASKL,ADAL,123120.0
ASKL,SIBDL,2160.0
ASKL,AIAL,1039080.0
ASKL,ASEL,196800.0
ASKL,PVQL,1153320.0
ASKL,AINL,199320.0
ASKL,PVQR,27960.0
ASKL,IL1DL,47160.0
ASKL,OLLL,17280.0
ASKL,ASGL,15600.0
ASKL,AIML,40920.0
ASKL,RIFL,383040.0
ASKL,OLQDL,5400.0
ASKL,RMGL,46920.0
ASKL,AIBL,366480.0
ASKL,ASIL,128760.0
ASKL,AWAL,159360.0
ASKL,SMBVL,21720.0
ASKL,ASHL,206400.0
ASKL,SAAVR,31200.0
RID,RID,4800.0
RID,URBL,25800.0
RID,AVJR,257520.0
RID,URYDL,56040.0
RID,AVBR,330720.0
RID,SMDDL,6600.0
RID,SMDDR,2640.0
RID,AVBL,73920.0
RID,ADAR,240.0
RID,RICL,274440.0
RID,ADAL,109200.0
RID,SIBDL,104880.0
RID,RIMR,3720.0
RID,AFDR,77280.0
RID,RMEV,39480.0
RID,AIAL,32880.0
RID,RMED,25080.0
RID,AUAR,39000.0
RID,AINR,586440.0
RID,SIBVL,47520.0
RID,SAADR,9960.0
RID,AVL,53880.0
RID,ADFL,30360.0
RID,SAADL,154560.0
RID,AINL,303960.0
RID,AWCR,9000.0
RID,RIR,42720.0
RID,DVA,292080.0
RID,ASGL,10320.0
RID,RIML,51720.0
RID,PVR,359160.0
RID,AVEL,34680.0
RID,URYVL,74040.0
RID,AIML,149760.0
RID,AVER,24720.0
RID,RIFL,63000.0
RID,OLQDL,1080.0
RID,excgl,198000.0
RID,ASER,44280.0
RID,BAGR,265800.0
RID,RIGL,578760.0
RID,AFDL,53520.0
RID,RMGL,216600.0
RID,BWM-VL05,11640.0
RID,BDUL,167640.0
RID,RIGR,128400.0
RID,BAGL,226200.0
RID,AIBR,50880.0
RID,PVCR,553920.0
RID,AVKR,8880.0
RID,URADL,53880.0
RID,PVCL,107040.0
RID,PVPL,78240.0
RID,AVHR,124200.0
RID,AIZL,82320.0
RID,SIBVR,362040.0
RID,RIBL,25320.0
RID,SMBVL,41760.0
RID,SIADR,600.0
RID,SAAVL,32040.0
RID,ASHL,161880.0
RID,SIAVL,26280.0
RID,AVDR,421080.0
RID,AVDL,332040.0
CEPDL,URBL,498960.0
CEPDL,Fragment1,30840.0
CEPDL,URYDL,360000.0
CEPDL,AVJL,14160.0
CEPDL,ALML,216000.0
CEPDL,SMDDR,330240.0
CEPDL,RMDR,167760.0
CEPDL,URXL,492480.0
CEPDL,RMDL,236040.0
CEPDL,ALA,5280.0
CEPDL,RMDDR,310560.0
CEPDL,RICL,75960.0
CEPDL,ADAL,12480.0
CEPDL,AUAL,6720.0
CEPDL,BWM-DL04,451680.0
CEPDL,RMED,31080.0
CEPDL,AINR,53160.0
CEPDL,SIBVL,45600.0
CEPDL,BWM-DL08,198840.0
CEPDL,AVHL,22080.0
CEPDL,AINL,37920.0
CEPDL,IL1DL,234480.0
CEPDL,AWCR,23280.0
CEPDL,OLLL,125280.0
CEPDL,SMBDR,29520.0
CEPDL,DVC,18120.0
CEPDL,IL1L,75120.0
CEPDL,PVR,181800.0
CEPDL,PVT,360.0
CEPDL,IL2DL,232080.0
CEPDL,AIML,38040.0
CEPDL,AVER,124200.0
CEPDL,RIFL,20640.0
CEPDL,OLQDL,52560.0
CEPDL,BWM-DL03,45000.0
CEPDL,BDUL,17160.0
CEPDL,BWM-VL02,8640.0
CEPDL,URADL,122880.0
CEPDL,RMDVR,28200.0
CEPDL,RIPL,54600.0
CEPDL,RMDVL,409560.0
CEPDL,ASIL,12000.0
CEPDL,BWM-DL02,239520.0
CEPDL,RIBL,194040.0
CEPDL,RIAR,82800.0
CEPDL,AVDL,55560.0
CEPDL,RIAL,466200.0
URBL,AVJR,14640.0
URBL,Fragment1,34440.0
URBL,ASJL,2640.0
URBL,ALML,258240.0
URBL,SMDDR,134640.0
URBL,AVBL,52560.0
URBL,RMDR,262560.0
URBL,SMDVL,2160.0
URBL,URXL,130920.0
URBL,RMDL,33000.0
URBL,ALA,53520.0
URBL,RMDDR,27840.0
URBL,BWM-VL04,39600.0
URBL,RICL,259800.0
URBL,IL2L,468600.0
URBL,ADAL,197880.0
URBL,SIBDL,39480.0
URBL,BWM-DL04,62520.0
URBL,RMER,164640.0
URBL,PVQL,28200.0
URBL,SIBVL,150120.0
URBL,SAADR,204960.0
URBL,BWM-DL08,6960.0
URBL,OLLL,648360.0
URBL,RIR,183240.0
URBL,DVA,24360.0
URBL,SMBDR,498000.0
URBL,IL1L,709800.0
URBL,PVT,9240.0
URBL,AVEL,8280.0
URBL,RIFL,31800.0
URBL,OLQDL,26760.0
URBL,BDUL,5760.0
URBL,BWM-VL02,375120.0
URBL,AIBL,480.0
URBL,BWM-DL02,394560.0
URBL,SIBVR,39360.0
URBL,SMBVL,34800.0
URBL,SIADR,24960.0
URBL,SAAVL,5880.0
URBL,SIAVL,49440.0
URBL,AVDR,97560.0
URBL,AVDL,16680.0
FLPR,FLPL,403920.0
FLPR,AVJL,46200.0
FLPR,AVBL,32640.0
FLPR,ADAR,14280.0
FLPR,ADAL,20880.0
FLPR,PVQR,240.0
FLPR,SMBDR,4920.0
FLPR,PVR,15000.0
FLPR,RIFR,99240.0
FLPR,BDUR,100800.0
FLPR,PVCR,186480.0
FLPR,PVCL,251880.0
FLPR,ADER,20280.0
FLPR,AVAR,34800.0
FLPR,ADEL,78240.0
FLPR,AVDR,60960.0
FLPR,SIAVR,26280.0
FLPR,AVDL,38280.0
AVJR,URYDR,10680.0
AVJR,URYDL,36840.0
AVJR,AVJL,119160.0
AVJR,CEPDR,7440.0
AVJR,AVBR,201480.0
AVJR,SMDDR,10320.0
AVJR,ALMR,39720.0
AVJR,ASJR,9840.0
AVJR,AVBL,591720.0
AVJR,URXR,26880.0
AVJR,SMDVR,12840.0
AVJR,URXL,2520.0
AVJR,ALA,2760.0
AVJR,RICL,10080.0
AVJR,AIYL,308640.0
AVJR,IL2L,240.0
AVJR,ADAL,248160.0
AVJR,SIBDL,21360.0
AVJR,AINR,40920.0
AVJR,SAADR,3600.0
AVJR,SAADL,39120.0
AVJR,RIR,33960.0
AVJR,RIML,23160.0
AVJR,RIVR,154080.0
AVJR,OLLR,57240.0
AVJR,IL1DR,18720.0
AVJR,OLQDR,12240.0
AVJR,PVR,376920.0
AVJR,AVEL,33120.0
AVJR,RIFR,35280.0
AVJR,URYVL,41280.0
AVJR,AIMR,26880.0
AVJR,IL2DR,240.0
AVJR,OLQVL,17040.0
AVJR,RIFL,514200.0
AVJR,RIGL,24840.0
AVJR,RMGL,68160.0
AVJR,BDUR,14880.0
AVJR,BDUL,35880.0
AVJR,PVCR,644760.0
AVJR,URADL,5400.0
AVJR,URADR,31680.0
AVJR,PVCL,561840.0
AVJR,ADER,3120.0
AVJR,PVPL,164880.0
AVJR,PVPR,7320.0
AVJR,AVHR,449400.0
AVJR,ASIR,18000.0
AVJR,SMBVL,84720.0
AVJR,SIADR,13920.0
AVJR,ASHL,111960.0
AVJR,SIAVL,33360.0
AVJR,AVDR,265080.0
AVJR,AVDL,68040.0
AVJR,ASHR,26640.0
Fragment1,RICL,10080.0
Fragment1,ADAL,6360.0
Fragment1,BWM-DL08,29760.0
Fragment1,IL1DL,10920.0
Fragment1,SMBDR,49800.0
Fragment1,OLQDL,90960.0
URYDR,AVJL,31680.0
URYDR,CEPDR,198480.0
URYDR,AVBR,16320.0
URYDR,SMDDL,67800.0
URYDR,ASJR,37560.0
URYDR,URXR,402240.0
URYDR,SMDVR,16200.0
URYDR,ALA,32640.0
URYDR,ADAR,53400.0
URYDR,SIBDL,28560.0
URYDR,AIAR,15720.0
URYDR,RIMR,23040.0
URYDR,RMER,197520.0
URYDR,AFDR,6480.0
URYDR,RMEV,3960.0
URYDR,ASEL,10320.0
URYDR,RMDDL,7560.0
URYDR,RMED,117720.0
URYDR,AUAR,5760.0
URYDR,AVL,38040.0
URYDR,AINL,6840.0
URYDR,AWCR,16800.0
URYDR,DVA,53880.0
URYDR,SMBDR,52680.0
URYDR,RIML,4080.0
URYDR,RIVR,14280.0
URYDR,OLLR,27600.0
URYDR,IL1DR,585120.0
URYDR,OLQDR,1016040.0
URYDR,PVT,85560.0
URYDR,AVEL,231000.0
URYDR,AIMR,7920.0
URYDR,IL2DR,243000.0
URYDR,AVER,3480.0
URYDR,BAGR,7200.0
URYDR,RIGR,101400.0
URYDR,AIBR,5880.0
URYDR,AVKR,960.0
URYDR,RMDVR,146640.0
URYDR,URADR,429360.0
URYDR,AIBL,64680.0
URYDR,AVAR,29520.0
URYDR,AVHR,10560.0
URYDR,ASIR,11760.0
URYDR,SIADR,61440.0
URYDR,SAAVL,32040.0
URYDR,SAAVR,5760.0
URYDR,AVDR,94920.0
URYDR,ASHR,12000.0
IL2VR,URXR,65400.0
IL2VR,ADAR,11040.0
IL2VR,RICL,23520.0
IL2VR,IL2R,51720.0
IL2VR,RMER,111720.0
IL2VR,RMEV,155880.0
IL2VR,RMEL,147240.0
IL2VR,RMED,64800.0
IL2VR,SIBVL,13920.0
IL2VR,SAADR,14160.0
IL2VR,AVL,19200.0
IL2VR,OLQVR,339000.0
IL2VR,DVA,27960.0
IL2VR,PVT,35040.0
IL2VR,URYVR,168240.0
IL2VR,URAVR,552480.0
IL2VR,RIGR,34200.0
IL2VR,BAGL,71880.0
IL2VR,RIPR,626040.0
IL2VR,AIBL,44760.0
IL2VR,IL1VR,582720.0
IL2VR,SIBVR,19320.0
IL2VR,SIADR,12120.0
IL2VR,RIAR,41640.0
IL2VR,SIAVR,12240.0
IL2VL,URXL,14400.0
IL2VL,RICL,34680.0
IL2VL,ADAL,43080.0
IL2VL,SIBDL,35160.0
IL2VL,RMER,162600.0
IL2VL,RMEV,199680.0
IL2VL,RMEL,117000.0
IL2VL,RMED,118080.0
IL2VL,SIBVL,27000.0
IL2VL,AVL,1920.0
IL2VL,SAADL,1200.0
IL2VL,DVA,27240.0
IL2VL,DVC,480.0
IL2VL,SMBDL,720.0
IL2VL,PVR,13320.0
IL2VL,PVT,72600.0
IL2VL,URYVL,211440.0
IL2VL,OLQVL,246480.0
IL2VL,URAVL,677160.0
IL2VL,BAGR,50520.0
IL2VL,RIGL,20760.0
IL2VL,AIBR,46920.0
IL2VL,RMDVR,840.0
IL2VL,RIPL,318840.0
IL2VL,SIBVR,7560.0
IL2VL,RIBL,121440.0
IL2VL,SMBVL,7920.0
IL2VL,IL1VL,591000.0
IL2VL,SIAVL,16920.0
IL2VL,RIAL,33960.0
URYDL,AVJL,36240.0
URYDL,AVBR,3720.0
URYDL,ASJL,17400.0
URYDL,SMDDL,1800.0
URYDL,SMDDR,102960.0
URYDL,AVBL,36240.0
URYDL,SMDVR,3240.0
URYDL,SMDVL,1560.0
URYDL,URXL,305640.0
URYDL,ALA,20040.0
URYDL,RMDDR,27240.0
URYDL,RICL,86400.0
URYDL,ADAL,95280.0
URYDL,SIBDL,9960.0
URYDL,AUAL,36600.0
URYDL,RMER,27480.0
URYDL,RMEV,61320.0
URYDL,RMEL,81720.0
URYDL,AIAL,5760.0
URYDL,RMED,87120.0
URYDL,AINR,16080.0
URYDL,PVQL,6600.0
URYDL,SIBVL,1920.0
URYDL,SAADR,1560.0
URYDL,AVHL,29400.0
URYDL,AVL,39720.0
URYDL,AINL,18600.0
URYDL,IL1DL,896160.0
URYDL,AWCR,41400.0
URYDL,OLLL,49920.0
URYDL,DVA,45720.0
URYDL,DVC,36720.0
URYDL,RIML,47280.0
URYDL,SMBDL,36960.0
URYDL,RIVR,40920.0
URYDL,PVT,53640.0
URYDL,AVEL,46920.0
URYDL,IL2DL,488040.0
URYDL,AIML,15600.0
URYDL,AVER,152280.0
URYDL,OLQDL,1197120.0
URYDL,BAGR,3360.0
URYDL,RIGL,153600.0
URYDL,BAGL,33360.0
URYDL,AIBR,52440.0
URYDL,AVKR,960.0
URYDL,URADL,543480.0
URYDL,RMDVL,235320.0
URYDL,AIBL,480.0
URYDL,ASIL,21480.0
URYDL,PVPL,7440.0
URYDL,AVAR,1920.0
URYDL,AVHR,6120.0
URYDL,AIZL,39720.0
URYDL,SIBVR,77520.0
URYDL,RIBL,247920.0
URYDL,SAAVL,66720.0
URYDL,ASHL,10560.0
URYDL,SAAVR,45960.0
URYDL,AVDR,83520.0
URYDL,AVDL,117000.0
FLPL,ADAR,118320.0
FLPL,ADAL,24240.0
FLPL,SAADR,89160.0
FLPL,AVL,119160.0
FLPL,SAADL,33840.0
FLPL,RIR,27720.0
FLPL,SMBDR,35760.0
FLPL,DVC,1560.0
FLPL,SMBDL,1680.0
FLPL,RIVR,130440.0
FLPL,excgl,9600.0
FLPL,RIGL,148560.0
FLPL,RIGR,24120.0
FLPL,PVCR,95160.0
FLPL,AVKR,74400.0
FLPL,AVKL,65520.0
FLPL,PVCL,107880.0
FLPL,AIBL,720.0
FLPL,ADER,423240.0
FLPL,PVPL,54480.0
FLPL,AVAR,278280.0
FLPL,ADEL,151680.0
FLPL,AVDR,211920.0
AVJL,URBR,58320.0
AVJL,AVBR,666000.0
AVJL,AWBR,22320.0
AVJL,ALML,250560.0
AVJL,ALMR,102480.0
AVJL,AVBL,247920.0
AVJL,URXL,38640.0
AVJL,ADAR,29520.0
AVJL,RICL,13920.0
AVJL,AIYL,29880.0
AVJL,ADAL,147840.0
AVJL,RMGR,49680.0
AVJL,SIBDL,8760.0
AVJL,SIBVL,83640.0
AVJL,AVHL,417120.0
AVJL,SMBVR,1320.0
AVJL,SAADL,21360.0
AVJL,AINL,35880.0
AVJL,PVQR,840.0
AVJL,OLQVR,14400.0
AVJL,OLLL,62040.0
AVJL,RIR,35400.0
AVJL,DVA,167760.0
AVJL,IL1L,32160.0
AVJL,RIVR,69960.0
AVJL,PVR,524760.0
AVJL,AVEL,6840.0
AVJL,RIFR,446640.0
AVJL,AIML,35040.0
AVJL,URYVR,38880.0
AVJL,AVER,66120.0
AVJL,RIFL,86520.0
AVJL,OLQDL,26760.0
AVJL,RIGL,31920.0
AVJL,BDUR,195720.0
AVJL,BDUL,307560.0
AVJL,RIGR,128280.0
AVJL,PVCR,150360.0
AVJL,URADL,22920.0
AVJL,PVCL,694320.0
AVJL,ASIL,10800.0
AVJL,BWM-DL02,1680.0
AVJL,PVPL,28560.0
AVJL,AVAR,84360.0
AVJL,PVPR,547200.0
AVJL,AVHR,94920.0
AVJL,AIZR,2040.0
AVJL,ASHL,53280.0
AVJL,AVDR,37680.0
AVJL,SIAVR,12360.0
AVJL,AVDL,516120.0
AVJL,ASHR,197280.0
URBR,CEPDR,454080.0
URBR,BWM-VR02,305280.0
URBR,SMDDL,157080.0
URBR,BWM-VR04,29040.0
URBR,ALMR,237720.0
URBR,BWM-DR02,245880.0
URBR,RMDR,12600.0
URBR,URXR,140400.0
URBR,SMDVR,84840.0
URBR,RMDL,128520.0
URBR,ADAR,21960.0
URBR,RICL,224760.0
URBR,IL2R,613200.0
URBR,RMGR,15240.0
URBR,SIBDL,57000.0
URBR,RMEL,135240.0
URBR,RMDDL,50280.0
URBR,SIBVL,86040.0
URBR,SMBVR,33720.0
URBR,SAADL,129960.0
URBR,BWM-DR04,28800.0
URBR,OLQVR,55800.0
URBR,AWCR,23400.0
URBR,IL1R,606960.0
URBR,DVA,25200.0
URBR,SMBDR,30240.0
URBR,SMBDL,319680.0
URBR,RIVR,95520.0
URBR,OLLR,408840.0
URBR,OLQDR,76800.0
URBR,PVR,39240.0
URBR,RIFR,65520.0
URBR,AVER,25920.0
URBR,RMDVR,3360.0
URBR,AIBL,10320.0
URBR,SIBVR,186960.0
URBR,SAAVR,91080.0
URBR,AVDR,70440.0
URBR,SIAVR,74160.0
URBR,AVDL,99480.0
CEPDR,BWM-VR02,3000.0
CEPDR,SMDDL,391080.0
CEPDR,SMDDR,20400.0
CEPDR,ALMR,119400.0
CEPDR,BWM-DR02,161760.0
CEPDR,RMDR,174360.0
CEPDR,URXR,461040.0
CEPDR,RMDL,80760.0
CEPDR,ADAR,18600.0
CEPDR,RICL,101520.0
CEPDR,ASEL,360.0
CEPDR,RMDDL,402840.0
CEPDR,AUAR,78600.0
CEPDR,AINR,11400.0
CEPDR,BWM-DR03,56760.0
CEPDR,BWM-DR04,536280.0
CEPDR,BWM-DR07,65160.0
CEPDR,BWM-DR06,136320.0
CEPDR,AINL,36480.0
CEPDR,BWM-DR08,85320.0
CEPDR,IL1R,32880.0
CEPDR,BWM-DR01,8760.0
CEPDR,SMBDL,84120.0
CEPDR,OLLR,130680.0
CEPDR,IL1DR,359160.0
CEPDR,OLQDR,127320.0
CEPDR,PVR,191640.0
CEPDR,PVT,240.0
CEPDR,AVEL,95160.0
CEPDR,RIFR,17520.0
CEPDR,IL2DR,290520.0
CEPDR,BAGR,18000.0
CEPDR,BDUR,17880.0
CEPDR,RMDVR,532320.0
CEPDR,RIPR,12840.0
CEPDR,URADR,298200.0
CEPDR,AVHR,34440.0
CEPDR,BWM-DR05,99720.0
CEPDR,SIBVR,107880.0
CEPDR,RIAR,137760.0
CEPDR,AVDR,47400.0
CEPDR,AVDL,15840.0
CEPDR,RIAL,59640.0
CEPDR,ASHR,36240.0
AVBR,AWBR,63840.0
AVBR,SMDDL,1920.0
AVBR,AWBL,360.0
AVBR,ALMR,172080.0
AVBR,AVBL,120720.0
AVBR,ADAR,283680.0
AVBR,RICL,24480.0
AVBR,ADAL,109920.0
AVBR,RMGR,99120.0
AVBR,SIBDL,121080.0
AVBR,RIMR,141600.0
AVBR,AUAR,67320.0
AVBR,SIBVL,66960.0
AVBR,AVHL,244680.0
AVBR,ADFR,36480.0
AVBR,SMBVR,42000.0
AVBR,PVQR,152520.0
AVBR,OLQVR,8880.0
AVBR,RIR,164520.0
AVBR,DVA,643440.0
AVBR,RIML,134040.0
AVBR,SMBDL,2160.0
AVBR,RIVR,6480.0
AVBR,PVR,58680.0
AVBR,RIFR,644520.0
AVBR,URYVR,3240.0
AVBR,AVER,126120.0
AVBR,excgl,2040.0
AVBR,BAGR,186240.0
AVBR,RIGL,22200.0
AVBR,BDUR,186480.0
AVBR,BDUL,49440.0
AVBR,RIGR,34800.0
AVBR,AIBR,244800.0
AVBR,PVCR,201360.0
AVBR,AVKR,2280.0
AVBR,URADR,9360.0
AVBR,PVCL,242520.0
AVBR,AWAR,9600.0
AVBR,PVPL,968760.0
AVBR,AVAR,33360.0
AVBR,PVPR,631080.0
AVBR,AVHR,481440.0
AVBR,SIBVR,99840.0
AVBR,RIBL,144360.0
AVBR,SAAVL,36720.0
AVBR,AIZR,53400.0
AVBR,ASHL,9240.0
AVBR,SIAVL,37080.0
AVBR,AVDR,384360.0
AVBR,SIAVR,1080.0
AVBR,AVDL,275520.0
AVBR,ASHR,927120.0
BWM-VR08,BWM-VR01,12960.0
BWM-VR08,BWM-VR04,6240.0
BWM-VR08,BWM-VR06,75720.0
BWM-VR08,SMBVR,75960.0
BWM-VR08,OLQVR,124680.0
BWM-VR08,PVR,13440.0
BWM-VR08,URAVR,50760.0
ASJL,ALML,11040.0
ASJL,AWBL,15840.0
ASJL,SMDDR,6720.0
ASJL,ASJR,263760.0
ASJL,URXL,21480.0
ASJL,ALA,190320.0
ASJL,IL2L,50880.0
ASJL,ADAL,3960.0
ASJL,AIAL,385320.0
ASJL,ASEL,104280.0
ASJL,PVQL,1337040.0
ASJL,AINL,62280.0
ASJL,PVQR,18480.0
ASJL,IL1DL,34320.0
ASJL,OLLL,17880.0
ASJL,ASGL,73320.0
ASJL,RIML,11760.0
ASJL,IL1L,23040.0
ASJL,AVEL,4800.0
ASJL,AIMR,111720.0
ASJL,AIML,965280.0
ASJL,RIFL,79200.0
ASJL,OLQDL,6240.0
ASJL,RMGL,11640.0
ASJL,ASIL,101640.0
ASJL,AWAL,223680.0
ASJL,RIBL,31560.0
ASJL,SMBVL,68640.0
ASJL,SIADR,4800.0
ASJL,ASHL,146880.0
ASJL,SAAVR,41640.0
ASJL,AVDL,19560.0
BWM-VR03,BWM-VR01,2082840.0
BWM-VR03,BWM-VR05,885840.0
BWM-VR03,SMDDR,8520.0
BWM-VR03,SMDVR,11400.0
BWM-VR03,SMDVL,121080.0
BWM-VR03,RMDDR,25320.0
BWM-VR03,RICL,44760.0
BWM-VR03,RMEV,116880.0
BWM-VR03,BWM-VR07,37080.0
BWM-VR03,RMED,13440.0
BWM-VR03,SMBVR,146040.0
BWM-VR03,PVR,15600.0
BWM-VR03,URYVR,21480.0
BWM-VR03,excgl,60240.0
BWM-VR03,BWM-VL01,83400.0
BWM-VR03,BWM-VL03,93840.0
BWM-VR03,RMDVR,170400.0
BWM-VR03,RMDVL,639120.0
BWM-VR02,BWM-VR01,55920.0
BWM-VR02,BWM-VR04,1005000.0
BWM-VR02,BWM-DR02,488640.0
BWM-VR02,RMDR,250440.0
BWM-VR02,RMDL,138360.0
BWM-VR02,RMDDR,119040.0
BWM-VR02,IL2R,18720.0
BWM-VR02,RMER,18720.0
BWM-VR02,RMEL,384600.0
BWM-VR02,IL1R,124800.0
BWM-VR02,OLLR,11280.0
BWM-VR02,PVR,36960.0
BWM-VR02,URAVR,262800.0
BWM-VR02,BDUR,6600.0
BWM-VR02,RIPR,21360.0
BWM-VR02,RMDVL,494400.0
BWM-VR02,IL1VR,111960.0
BWM-VR02,SIAVR,5760.0
BWM-VR01,BWM-VR05,2280.0
BWM-VR01,SMDDR,77760.0
BWM-VR01,SMDVR,16080.0
BWM-VR01,SMDVL,165120.0
BWM-VR01,RMDDR,140520.0
BWM-VR01,RMER,4440.0
BWM-VR01,RMEV,73800.0
BWM-VR01,BWM-VR07,960.0
BWM-VR01,RMEL,70080.0
BWM-VR01,RMED,185040.0
BWM-VR01,SMBVR,192120.0
BWM-VR01,RIVR,480.0
BWM-VR01,PVR,3960.0
BWM-VR01,URYVR,7560.0
BWM-VR01,URAVR,578880.0
BWM-VR01,BWM-VL01,491640.0
BWM-VR01,BWM-VL03,19200.0
BWM-VR01,RMDVR,119400.0
BWM-VR01,RIPR,213360.0
BWM-VR01,RMDVL,285120.0
BWM-VR01,IL1VR,80520.0
BWM-VR01,RIAL,15480.0
AWBR,AWBL,140280.0
AWBR,ASJR,37680.0
AWBR,AVBL,42360.0
AWBR,URXR,330240.0
AWBR,ADAR,36000.0
AWBR,RMGR,81960.0
AWBR,SIBDL,12120.0
AWBR,AIAR,170040.0
AWBR,RIMR,108120.0
AWBR,AFDR,332280.0
AWBR,AUAR,68520.0
AWBR,AVHL,252480.0
AWBR,ADFR,726480.0
AWBR,SMBVR,21960.0
AWBR,AINL,3000.0
AWBR,PVQR,29280.0
AWBR,OLQVR,35280.0
AWBR,AWCR,150960.0
AWBR,RIR,46800.0
AWBR,DVA,90840.0
AWBR,RIFR,85920.0
AWBR,AIMR,16680.0
AWBR,URYVR,39240.0
AWBR,ASER,888720.0
AWBR,AFDL,2640.0
AWBR,AIBR,69960.0
AWBR,AIBL,60360.0
AWBR,AWAR,1106040.0
AWBR,AVAR,24720.0
AWBR,PVPR,224640.0
AWBR,ASIR,84240.0
AWBR,AWAL,48960.0
AWBR,AIZR,239880.0
AWBR,ASHL,21360.0
AWBR,AVDL,960.0
AWBR,ASHR,509040.0
SMDDL,SMDDR,181680.0
SMDDL,ASJR,13680.0
SMDDL,RMDR,138840.0
SMDDL,URXR,35880.0
SMDDL,SMDVR,1803600.0
SMDDL,SMDVL,52200.0
SMDDL,RMDL,107040.0
SMDDL,ALA,20280.0
SMDDL,RMDDR,4200.0
SMDDL,ADAR,31320.0
SMDDL,RICL,216240.0
SMDDL,IL2R,3840.0
SMDDL,ADAL,22080.0
SMDDL,RMGR,56520.0
SMDDL,SIBDL,193800.0
SMDDL,RIMR,884280.0
SMDDL,RMEV,39360.0
SMDDL,RMDDL,434400.0
SMDDL,RMED,263160.0
SMDDL,SIBVL,15480.0
SMDDL,SAADR,20880.0
SMDDL,AVL,1560.0
SMDDL,BWM-DR03,115440.0
SMDDL,SMBVR,52920.0
SMDDL,SAADL,488640.0
SMDDL,BWM-DR04,56640.0
SMDDL,OLLL,103200.0
SMDDL,IL1R,4320.0
SMDDL,BWM-DR01,7680.0
SMDDL,DVC,840.0
SMDDL,RIML,322200.0
SMDDL,SMBDL,300480.0
SMDDL,RIVR,514200.0
SMDDL,OLLR,135000.0
SMDDL,AVEL,141960.0
SMDDL,AIMR,41880.0
SMDDL,AVER,83040.0
SMDDL,OLQDL,3240.0
SMDDL,excgl,458880.0
SMDDL,BWM-DL03,4200.0
SMDDL,RMGL,319800.0
SMDDL,BWM-VL01,60960.0
SMDDL,BWM-VL03,9240.0
SMDDL,AIBR,805560.0
SMDDL,AVKR,140760.0
SMDDL,RMDVR,89640.0
SMDDL,AVKL,29880.0
SMDDL,AIBL,3360.0
SMDDL,AVAR,560040.0
SMDDL,BWM-DR05,16920.0
SMDDL,RIBL,120480.0
SMDDL,SMBVL,84720.0
SMDDL,SIADR,24120.0
SMDDL,SAAVL,232320.0
SMDDL,SAAVR,1212840.0
SMDDL,RIAR,767160.0
SMDDL,SIAVR,5520.0
SMDDL,RIAL,909840.0
SMDDL,ASHR,3240.0
BWM-VR05,RMDDR,123360.0
BWM-VR05,RICL,35400.0
BWM-VR05,RMEV,67680.0
BWM-VR05,BWM-VR07,55080.0
BWM-VR05,SMBVR,27480.0
BWM-VR05,PVR,120.0
BWM-VR05,excgl,101760.0
BWM-VR05,RMDVR,86040.0
BWM-VR05,RMDVL,172200.0
BWM-VR04,RMDR,301200.0
BWM-VR04,BWM-VR06,583080.0
BWM-VR04,SMDVL,6360.0
BWM-VR04,RMDL,41160.0
BWM-VR04,RMDDR,11040.0
BWM-VR04,RMGR,15120.0
BWM-VR04,SMBVR,192000.0
BWM-VR04,OLQVR,8640.0
BWM-VR04,RIML,52320.0
BWM-VR04,PVR,67920.0
BWM-VR04,BDUR,14880.0
BWM-VR04,RMDVL,521400.0
ALML,AVBL,6600.0
ALML,URXL,57480.0
ALML,RMDL,36720.0
ALML,ALA,13560.0
ALML,ADAL,237840.0
ALML,SAADR,123120.0
ALML,AVHL,123120.0
ALML,AINL,10800.0
ALML,OLLL,5160.0
ALML,RIR,109200.0
ALML,SMBDR,75960.0
ALML,IL1L,65400.0
ALML,PVR,326520.0
ALML,AVEL,30000.0
ALML,AIML,24000.0
ALML,OLQVL,31560.0
ALML,BDUL,45720.0
ALML,BWM-VL02,5160.0
ALML,SIADR,126360.0
ALML,AVDL,167760.0
AWBL,AVBL,22080.0
AWBL,URXL,212640.0
AWBL,AIYL,399120.0
AWBL,ADAL,81720.0
AWBL,AUAL,84000.0
AWBL,AIAR,8280.0
AWBL,AIAL,278760.0
AWBL,ASEL,1062360.0
AWBL,AVHL,76080.0
AWBL,ADFR,8880.0
AWBL,ADFL,575760.0
AWBL,PVQR,132360.0
AWBL,RIR,231120.0
AWBL,DVA,63120.0
AWBL,RIML,5880.0
AWBL,SMBDL,72480.0
AWBL,URYVL,23040.0
AWBL,AIML,105240.0
AWBL,OLQVL,31200.0
AWBL,RIFL,49680.0
AWBL,ASER,55440.0
AWBL,AFDL,51960.0
AWBL,RMGL,101520.0
AWBL,AIBR,46200.0
AWBL,PVCR,48120.0
AWBL,AIBL,189480.0
AWBL,AWAR,11400.0
AWBL,ASIL,153720.0
AWBL,PVPL,95040.0
AWBL,PVPR,89760.0
AWBL,AVHR,391200.0
AWBL,AWAL,772800.0
AWBL,AIZL,572280.0
AWBL,RIBL,115320.0
AWBL,SMBVL,149520.0
AWBL,ASHL,258240.0
AWBL,SIAVL,41880.0
SMDDR,AVBL,7320.0
SMDDR,RMDR,174120.0
SMDDR,SMDVR,85560.0
SMDDR,SMDVL,1824120.0
SMDDR,URXL,55800.0
SMDDR,RMDL,395520.0
SMDDR,ALA,6120.0
SMDDR,RMDDR,470760.0
SMDDR,ADAR,5160.0
SMDDR,RICL,42240.0
SMDDR,IL2L,12840.0
SMDDR,ADAL,22680.0
SMDDR,RMGR,351120.0
SMDDR,SIBDL,12240.0
SMDDR,RIMR,318480.0
SMDDR,BWM-DL04,7080.0
SMDDR,RMEV,8280.0
SMDDR,RMDDL,3960.0
SMDDR,RMED,296880.0
SMDDR,PVQL,4560.0
SMDDR,SAADR,546960.0
SMDDR,AVL,240.0
SMDDR,BWM-DR03,21480.0
SMDDR,SMBVR,92160.0
SMDDR,OLLL,147000.0
SMDDR,SMBDR,171000.0
SMDDR,RIML,1017480.0
SMDDR,IL1L,11040.0
SMDDR,OLLR,134760.0
SMDDR,OLQDR,36360.0
SMDDR,PVT,1920.0
SMDDR,AVEL,28560.0
SMDDR,AIML,30600.0
SMDDR,URYVR,49680.0
SMDDR,AVER,111840.0
SMDDR,OLQDL,18360.0
SMDDR,excgl,247320.0
SMDDR,BWM-DL03,97320.0
SMDDR,RMGL,176520.0
SMDDR,RIGR,240.0
SMDDR,PVCR,6360.0
SMDDR,AVKR,123720.0
SMDDR,RMDVL,116400.0
SMDDR,AVKL,115080.0
SMDDR,AIBL,709680.0
SMDDR,AVAR,85320.0
SMDDR,IL1VR,6480.0
SMDDR,SIBVR,5160.0
SMDDR,RIBL,262200.0
SMDDR,SMBVL,62040.0
SMDDR,SIADR,258600.0
SMDDR,SAAVL,1176960.0
SMDDR,AIZR,2760.0
SMDDR,SAAVR,293160.0
SMDDR,RIAR,951840.0
SMDDR,SIAVL,25440.0
SMDDR,RIAL,618240.0
ALMR,BWM-DR02,4560.0
ALMR,ASJR,21960.0
ALMR,AVBL,13680.0
ALMR,RMDR,6960.0
ALMR,URXR,69600.0
ALMR,SMDVR,17400.0
ALMR,ALA,20640.0
ALMR,ADAR,231000.0
ALMR,RICL,52560.0
ALMR,RMGR,59520.0
ALMR,SIBDL,41160.0
ALMR,RMDDL,121320.0
ALMR,SIBVL,70920.0
ALMR,SAADL,154200.0
ALMR,BWM-DR04,30240.0
ALMR,IL1R,86520.0
ALMR,DVA,2880.0
ALMR,SMBDL,137640.0
ALMR,PVR,716400.0
ALMR,RIFR,205680.0
ALMR,AIMR,74040.0
ALMR,URYVR,25200.0
ALMR,AVER,81480.0
ALMR,BDUR,462720.0
ALMR,PVPR,1320.0
ALMR,AVHR,133680.0
ALMR,AVDR,83760.0
ALMR,AVDL,162840.0
ALMR,ASHR,6000.0
BWM-DR02,RMDR,89040.0
BWM-DR02,RMDL,22560.0
BWM-DR02,RMEL,473040.0
BWM-DR02,RMDDL,318600.0
BWM-DR02,BWM-DR04,635520.0
BWM-DR02,IL1R,122160.0
BWM-DR02,BWM-DR01,70080.0
BWM-DR02,SMBDL,6600.0
BWM-DR02,OLLR,22080.0
BWM-DR02,IL1DR,67800.0
BWM-DR02,RMDVR,88440.0
BWM-DR02,RIPR,100440.0
BWM-DR02,URADR,160440.0
ASJR,URXR,38280.0
ASJR,ASGR,136320.0
ASJR,ALA,310200.0
ASJR,IL2R,58080.0
ASJR,RMGR,409080.0
ASJR,SIBDL,17880.0
ASJR,SABD,46920.0
ASJR,AIAR,260160.0
ASJR,RIMR,17640.0
ASJR,RMDDL,120.0
ASJR,AINR,45960.0
ASJR,SMBVR,82680.0
ASJR,PVQR,1120080.0
ASJR,IL1R,62880.0
ASJR,OLLR,45600.0
ASJR,IL1DR,28560.0
ASJR,OLQDR,38160.0
ASJR,RIFR,135480.0
ASJR,AIMR,1084800.0
ASJR,AIML,106080.0
ASJR,IL2DR,3000.0
ASJR,AVER,50280.0
ASJR,ASER,90600.0
ASJR,AIBR,15120.0
ASJR,URADR,6240.0
ASJR,AWAR,137160.0
ASJR,AVHR,20640.0
ASJR,ASIR,153360.0
ASJR,AVDR,43920.0
AVBL,URXR,27840.0
AVBL,URXL,8520.0
AVBL,ADAR,178080.0
AVBL,RICL,45120.0
AVBL,AIYL,34440.0
AVBL,ADAL,309720.0
AVBL,SIBDL,31080.0
AVBL,AUAL,59640.0
AVBL,RIMR,123600.0
AVBL,RMEV,55560.0
AVBL,PVQL,2160.0
AVBL,SIBVL,22440.0
AVBL,AVHL,571200.0
AVBL,ADFL,44880.0
AVBL,SMBVR,4800.0
AVBL,OLQVR,13680.0
AVBL,RIR,287760.0
AVBL,DVA,615960.0
AVBL,ASGL,5640.0
AVBL,RIML,210720.0
AVBL,RIVR,178200.0
AVBL,PVR,200040.0
AVBL,AVEL,164880.0
AVBL,RIFR,18960.0
AVBL,URYVL,15600.0
AVBL,URYVR,31320.0
AVBL,OLQVL,3840.0
AVBL,RIFL,246600.0
AVBL,OLQDL,6600.0
AVBL,RMGL,53880.0
AVBL,BDUR,91920.0
AVBL,BDUL,54240.0
AVBL,RIGR,364920.0
AVBL,BAGL,147840.0
AVBL,AIBR,4440.0
AVBL,PVCR,450000.0
AVBL,URADL,42840.0
AVBL,RIPL,9480.0
AVBL,AVKL,2520.0
AVBL,PVCL,204480.0
AVBL,AIBL,257760.0
AVBL,AWAR,1440.0
AVBL,PVPL,397320.0
AVBL,AVAR,90720.0
AVBL,PVPR,909240.0
AVBL,AVHR,277080.0
AVBL,AWAL,23280.0
AVBL,AIZL,195600.0
AVBL,SIBVR,38160.0
AVBL,RIBL,16800.0
AVBL,SMBVL,52800.0
AVBL,SIADR,103920.0
AVBL,AIZR,240.0
AVBL,ASHL,888720.0
AVBL,AVDR,87360.0
AVBL,SIAVR,174240.0
AVBL,AVDL,228120.0
AVBL,ASHR,110280.0
RMDR,SMDVR,83040.0
RMDR,BWM-VR06,165960.0
RMDR,SMDVL,98040.0
RMDR,RMDL,1193040.0
RMDR,RMDDR,272520.0
RMDR,BWM-VL04,73560.0
RMDR,RICL,14160.0
RMDR,IL2L,64680.0
RMDR,RMGR,277560.0
RMDR,SIBDL,178800.0
RMDR,RIMR,32400.0
RMDR,BWM-DL04,229920.0
RMDR,RMDDL,711480.0
RMDR,SIBVL,537600.0
RMDR,SAADR,43920.0
RMDR,AVL,960.0
RMDR,SMBVR,27000.0
RMDR,BWM-DR04,26040.0
RMDR,BWM-DR06,138600.0
RMDR,OLLL,189480.0
RMDR,IL1R,117240.0
RMDR,SMBDR,18000.0
RMDR,RIML,399840.0
RMDR,SMBDL,3480.0
RMDR,IL1L,201600.0
RMDR,OLLR,38640.0
RMDR,PVR,94440.0
RMDR,AVER,105000.0
RMDR,RMGL,1448760.0
RMDR,BDUR,36480.0
RMDR,BWM-VL06,116040.0
RMDR,BWM-VL02,118800.0
RMDR,AVKR,284400.0
RMDR,RMDVR,340560.0
RMDR,RMDVL,574560.0
RMDR,AVKL,237840.0
RMDR,BWM-DL02,133560.0
RMDR,AVAR,74280.0
RMDR,SIBVR,40320.0
RMDR,RIBL,96360.0
RMDR,SMBVL,46560.0
RMDR,SIADR,270000.0
RMDR,SAAVR,19920.0
RMDR,RIAR,479400.0
RMDR,SIAVL,125640.0
RMDR,SIAVR,70800.0
RMDR,RIAL,981960.0
URXR,ALA,3480.0
URXR,ADAR,80760.0
URXR,IL2R,126720.0
URXR,RMGR,239400.0
URXR,SIBDL,59280.0
URXR,AIAR,28920.0
URXR,AFDR,25680.0
URXR,RMDDL,720.0
URXR,AUAR,1245360.0
URXR,AINR,18360.0
URXR,AVHL,95640.0
URXR,ADFR,464040.0
URXR,SMBVR,90840.0
URXR,AINL,32640.0
URXR,PVQR,48360.0
URXR,OLQVR,41400.0
URXR,RIR,411120.0
URXR,IL1R,90120.0
URXR,DVA,12240.0
URXR,OLLR,17520.0
URXR,AIMR,99240.0
URXR,URYVR,78480.0
URXR,IL2DR,202320.0
URXR,AVER,105240.0
URXR,ASER,44640.0
URXR,URAVR,88800.0
URXR,RIGR,333720.0
URXR,RMDVR,2760.0
URXR,RIPR,67200.0
URXR,URADR,12360.0
URXR,AIBL,8640.0
URXR,AWAR,124800.0
URXR,AVAR,11640.0
URXR,PVPR,94320.0
URXR,AVHR,22560.0
URXR,IL1VR,90960.0
URXR,AIZR,55800.0
URXR,RIAR,558240.0
URXR,AVDR,1440.0
URXR,AVDL,1560.0
URXR,ASHR,326880.0
SMDVR,SMDVL,423360.0
SMDVR,RMDL,44520.0
SMDVR,RICL,48840.0
SMDVR,ADAL,173640.0
SMDVR,SIBDL,18720.0
SMDVR,RIMR,469320.0
SMDVR,RMEV,173640.0
SMDVR,RMDDL,228840.0
SMDVR,Fragment2,67080.0
SMDVR,RMED,12720.0
SMDVR,AUAR,178680.0
SMDVR,AINR,14520.0
SMDVR,SIBVL,11040.0
SMDVR,SAADR,18120.0
SMDVR,AVL,105720.0
SMDVR,BWM-DR03,4800.0
SMDVR,SAADL,500520.0
SMDVR,AINL,20640.0
SMDVR,OLLL,105000.0
SMDVR,IL1R,45480.0
SMDVR,DVA,271440.0
SMDVR,RIML,250560.0
SMDVR,SMBDL,6480.0
SMDVR,RIVR,572520.0
SMDVR,OLLR,28920.0
SMDVR,IL1DR,34800.0
SMDVR,OLQDR,12480.0
SMDVR,AVEL,13560.0
SMDVR,URYVL,240600.0
SMDVR,AVER,305160.0
SMDVR,excgl,2280.0
SMDVR,BAGR,66960.0
SMDVR,RMGL,319200.0
SMDVR,BWM-VL05,107040.0
SMDVR,BWM-VL06,1920.0
SMDVR,BWM-VL01,12960.0
SMDVR,BWM-VL03,204240.0
SMDVR,BAGL,3240.0
SMDVR,AVKR,76560.0
SMDVR,RMDVR,330120.0
SMDVR,AVKL,6600.0
SMDVR,AIBL,48480.0
SMDVR,PVPL,25680.0
SMDVR,AVAR,223920.0
SMDVR,AVHR,25320.0
SMDVR,ADEL,90720.0
SMDVR,SIBVR,11760.0
SMDVR,RIBL,384240.0
SMDVR,SMBVL,216600.0
SMDVR,SIADR,281280.0
SMDVR,SAAVL,124560.0
SMDVR,SAAVR,465000.0
SMDVR,RIAR,606960.0
SMDVR,SIAVL,176400.0
SMDVR,AVDR,149520.0
SMDVR,RIAL,1169280.0
BWM-VR06,RMDL,71040.0
BWM-VR06,RMGR,118320.0
BWM-VR06,SMBVR,119040.0
BWM-VR06,OLQVR,98040.0
BWM-VR06,RIML,8640.0
BWM-VR06,PVR,58680.0
BWM-VR06,SIAVR,13080.0
SMDVL,RMDL,177960.0
SMDVL,RMDDR,281160.0
SMDVL,ADAR,180960.0
SMDVL,RICL,19200.0
SMDVL,RMGR,260160.0
SMDVL,SIBDL,75600.0
SMDVL,SABD,128520.0
SMDVL,AUAL,13920.0
SMDVL,RIMR,276480.0
SMDVL,RMEV,124440.0
SMDVL,RMED,66360.0
SMDVL,AINR,4560.0
SMDVL,SIBVL,3840.0
SMDVL,SAADR,583080.0
SMDVL,AVHL,34920.0
SMDVL,AVL,111960.0
SMDVL,SMBVR,346200.0
SMDVL,SAADL,360.0
SMDVL,AWCR,17760.0
SMDVL,OLLL,81960.0
SMDVL,DVA,299640.0
SMDVL,SMBDR,3480.0
SMDVL,RIML,628080.0
SMDVL,SMBDL,51720.0
SMDVL,IL1L,49920.0
SMDVL,RIVR,29280.0
SMDVL,OLLR,114240.0
SMDVL,PVR,50640.0
SMDVL,PVT,600.0
SMDVL,AVEL,285720.0
SMDVL,URYVR,135360.0
SMDVL,AVER,2520.0
SMDVL,OLQDL,43200.0
SMDVL,BWM-DL03,1560.0
SMDVL,BAGR,2400.0
SMDVL,RIGL,35040.0
SMDVL,BWM-VL03,4200.0
SMDVL,BAGL,77640.0
SMDVL,AIBR,173040.0
SMDVL,AVKR,45720.0
SMDVL,RMDVR,14040.0
SMDVL,RMDVL,489720.0
SMDVL,AVKL,167400.0
SMDVL,ADER,120120.0
SMDVL,AVAR,65400.0
SMDVL,PVPR,111720.0
SMDVL,SIBVR,16200.0
SMDVL,RIBL,82560.0
SMDVL,SIADR,391200.0
SMDVL,SAAVL,554760.0
SMDVL,SAAVR,183000.0
SMDVL,RIAR,724920.0
SMDVL,SIAVR,292440.0
SMDVL,AVDL,32880.0
SMDVL,RIAL,743520.0
URXL,ALA,84120.0
URXL,RICL,69360.0
URXL,AIYL,107760.0
URXL,IL2L,70440.0
URXL,ADAL,238920.0
URXL,AUAL,1107960.0
URXL,ASEL,39600.0
URXL,RMED,11880.0
URXL,AINR,36840.0
URXL,PVQL,26760.0
URXL,AVHL,18480.0
URXL,AVL,15360.0
URXL,ADFL,546720.0
URXL,AINL,29760.0
URXL,AWCR,2400.0
URXL,OLLL,29880.0
URXL,RIR,586920.0
URXL,DVA,52800.0
URXL,DVC,76800.0
URXL,IL1L,106440.0
URXL,PVT,48240.0
URXL,AVEL,97440.0
URXL,IL2DL,145800.0
URXL,URYVL,67440.0
URXL,AIML,97560.0
URXL,OLQVL,83160.0
URXL,RIFL,1200.0
URXL,OLQDL,56400.0
URXL,URAVL,52080.0
URXL,BAGR,83400.0
URXL,RIGL,146040.0
URXL,AFDL,53520.0
URXL,RMGL,220320.0
URXL,BAGL,30120.0
URXL,AIBR,72480.0
URXL,URADL,57120.0
URXL,RIPL,9120.0
URXL,AIBL,25200.0
URXL,PVPL,128880.0
URXL,AVHR,152880.0
URXL,AWAL,59400.0
URXL,AIZL,93240.0
URXL,RIBL,313200.0
URXL,SMBVL,71040.0
URXL,SIADR,27720.0
URXL,IL1VL,41160.0
URXL,ASHL,192840.0
URXL,AVDL,26400.0
URXL,RIAL,500160.0
RMDL,RMDDR,570120.0
RMDL,BWM-VL04,410040.0
RMDL,ADAR,3000.0
RMDL,RICL,99360.0
RMDL,IL2L,19920.0
RMDL,IL2R,30960.0
RMDL,RMGR,967800.0
RMDL,SIBDL,96480.0
RMDL,RIMR,595440.0
RMDL,BWM-DL04,147840.0
RMDL,BWM-VR07,100560.0
RMDL,RMDDL,191760.0
RMDL,SAADR,2640.0
RMDL,AVL,30120.0
RMDL,SMBVR,118080.0
RMDL,BWM-DR04,115800.0
RMDL,BWM-DR06,61320.0
RMDL,OLLL,32400.0
RMDL,IL1R,84960.0
RMDL,SMBDR,55440.0
RMDL,RIML,4800.0
RMDL,IL1L,165360.0
RMDL,OLLR,86760.0
RMDL,PVR,25800.0
RMDL,PVT,1680.0
RMDL,AVEL,125160.0
RMDL,OLQVL,4920.0
RMDL,RMGL,269520.0
RMDL,BWM-VL06,94920.0
RMDL,BWM-VL02,238440.0
RMDL,AVKR,192720.0
RMDL,RMDVR,410400.0
RMDL,RMDVL,310560.0
RMDL,AVKL,169560.0
RMDL,AIBL,8040.0
RMDL,BWM-DL02,115080.0
RMDL,AVAR,9960.0
RMDL,SIBVR,279720.0
RMDL,RIBL,30600.0
RMDL,SIADR,134160.0
RMDL,SAAVR,98400.0
RMDL,RIAR,836880.0
RMDL,SIAVL,58320.0
RMDL,SIAVR,280440.0
RMDL,RIAL,560880.0
ASGR,SABD,138480.0
ASGR,AIAR,924120.0
ASGR,AUAR,1680.0
ASGR,AINR,105960.0
ASGR,PVQR,82800.0
ASGR,DA1,3120.0
ASGR,AWCR,257760.0
ASGR,AIMR,535560.0
ASGR,ASER,141840.0
ASGR,AIBR,287520.0
ASGR,AWAR,78720.0
ASGR,ASIR,108840.0
ASGR,SAAVL,78720.0
ASGR,AIZR,71760.0
ALA,IL2L,6240.0
ALA,IL2R,28920.0
ALA,SIBDL,37560.0
ALA,PVQL,237360.0
ALA,AVHL,1440.0
ALA,PVQR,276480.0
ALA,IL1DL,27600.0
ALA,OLLL,11160.0
ALA,RIR,37800.0
ALA,IL1R,66840.0
ALA,SMBDR,4680.0
ALA,IL1L,35040.0
ALA,OLLR,24720.0
ALA,IL1DR,38040.0
ALA,OLQDR,42840.0
ALA,AVEL,141240.0
ALA,IL2DL,9000.0
ALA,AIMR,13320.0
ALA,AIML,7560.0
ALA,IL2DR,9360.0
ALA,AVER,210480.0
ALA,RIFL,33840.0
ALA,OLQDL,31200.0
ALA,SIADR,5160.0
ALA,SAAVL,1800.0
ALA,ASHL,1560.0
ALA,AVDR,14760.0
ALA,AVDL,29280.0
RMDDR,RICL,47040.0
RMDDR,RMGR,27720.0
RMDDR,BWM-DL04,341040.0
RMDDR,RMER,17160.0
RMDDR,RMEV,109440.0
RMDDR,RMEL,480.0
RMDDR,RMDDL,238800.0
RMDDR,RMED,93600.0
RMDDR,SIBVL,339840.0
RMDDR,SAADR,104880.0
RMDDR,BWM-DR03,9240.0
RMDDR,SMBVR,9240.0
RMDDR,OLQVR,28440.0
RMDDR,IL1DL,11400.0
RMDDR,IL1R,319800.0
RMDDR,BWM-DR01,98880.0
RMDDR,SMBDR,300600.0
RMDDR,SMBDL,88080.0
RMDDR,IL1L,204480.0
RMDDR,OLLR,327480.0
RMDDR,OLQDR,93960.0
RMDDR,AVEL,117120.0
RMDDR,IL2DL,59520.0
RMDDR,URYVR,550320.0
RMDDR,OLQDL,226440.0
RMDDR,BWM-DL03,283560.0
RMDDR,URADL,6480.0
RMDDR,RMDVR,102720.0
RMDDR,RIPR,5760.0
RMDDR,RMDVL,2424600.0
RMDDR,URADR,240.0
RMDDR,BWM-DL02,466560.0
RMDDR,AVAR,131040.0
RMDDR,BWM-DR05,7920.0
RMDDR,IL1VR,1149360.0
RMDDR,SIBVR,120840.0
RMDDR,SMBVL,53880.0
RMDDR,SIADR,203760.0
RMDDR,RIAR,1617960.0
RMDDR,SIAVL,43440.0
RMDDR,RIAL,652560.0
BWM-VL04,RMDDL,6360.0
BWM-VL04,PVR,24840.0
BWM-VL04,OLQVL,3000.0
BWM-VL04,RMGL,14160.0
BWM-VL04,BWM-VL06,386640.0
BWM-VL04,BWM-VL02,990480.0
BWM-VL04,BWM-VL08,61560.0
BWM-VL04,RMDVR,368760.0
BWM-VL04,BWM-DL02,13080.0
BWM-VL04,SMBVL,105720.0
ADAR,RICL,689280.0
ADAR,IL2R,21000.0
ADAR,ADAL,137400.0
ADAR,RMGR,161880.0
ADAR,SIBDL,3840.0
ADAR,RIMR,379080.0
ADAR,RMDDL,6960.0
ADAR,AUAR,2280.0
ADAR,SIBVL,46560.0
ADAR,SAADR,466440.0
ADAR,AVHL,97800.0
ADAR,ADFR,18000.0
ADAR,SMBVR,111720.0
ADAR,SAADL,37080.0
ADAR,PVQR,27720.0
ADAR,OLQVR,208800.0
ADAR,DVA,195240.0
ADAR,SMBDR,172320.0
ADAR,SMBDL,5880.0
ADAR,RIVR,57000.0
ADAR,OLLR,9840.0
ADAR,OLQDR,26160.0
ADAR,PVR,163680.0
ADAR,AVEL,3240.0
ADAR,RIFR,133560.0
ADAR,URYVR,135720.0
ADAR,AVER,48600.0
ADAR,URAVR,10800.0
ADAR,BDUR,69960.0
ADAR,AIBR,16320.0
ADAR,PVCR,1680.0
ADAR,RMDVL,63720.0
ADAR,AVKL,11640.0
ADAR,AIBL,105480.0
ADAR,AWAR,56040.0
ADAR,ADER,115800.0
ADAR,AVAR,137880.0
ADAR,PVPR,274920.0
ADAR,ADEL,7320.0
ADAR,AIZL,88080.0
ADAR,IL1VR,11280.0
ADAR,SIBVR,227520.0
ADAR,SIADR,9720.0
ADAR,SAAVL,362280.0
ADAR,AIZR,34080.0
ADAR,AVDR,79800.0
ADAR,SIAVR,45960.0
ADAR,AVDL,239280.0
ADAR,ASHR,955200.0
RICL,IL2L,63600.0
RICL,ADAL,532440.0
RICL,RMGR,56760.0
RICL,SIBDL,495720.0
RICL,RIMR,51720.0
RICL,AIAL,1440.0
RICL,RMDDL,18480.0
RICL,Fragment2,16560.0
RICL,SIBVL,382800.0
RICL,BWM-DR03,13200.0
RICL,SMBVR,89160.0
RICL,SAADL,6000.0
RICL,OLQVR,75240.0
RICL,IL1R,9480.0
RICL,DVA,381240.0
RICL,SMBDR,67680.0
RICL,ASGL,88680.0
RICL,RIML,117120.0
RICL,SMBDL,279960.0
RICL,IL1L,22200.0
RICL,RIVR,112920.0
RICL,OLQDR,154320.0
RICL,PVR,61080.0
RICL,IL2DL,1080.0
RICL,AIML,19920.0
RICL,URYVR,82200.0
RICL,OLQVL,313920.0
RICL,AVER,58560.0
RICL,OLQDL,111720.0
RICL,URAVL,17280.0
RICL,excgl,786960.0
RICL,URAVR,7440.0
RICL,BWM-DL03,57720.0
RICL,RMGL,77160.0
RICL,BWM-VL05,69480.0
RICL,BWM-VL07,78600.0
RICL,AIBR,54120.0
RICL,PVCR,78840.0
RICL,AVKR,7560.0
RICL,URADL,79920.0
RICL,RMDVR,43320.0
RICL,RMDVL,26760.0
RICL,AVKL,10800.0
RICL,URADR,19920.0
RICL,AIBL,18720.0
RICL,AVAR,299280.0
RICL,PVPR,21600.0
RICL,BWM-DR05,132720.0
RICL,AIZL,39360.0
RICL,IL1VR,29640.0
RICL,SIBVR,783720.0
RICL,SMBVL,219720.0
RICL,SAAVL,6480.0
RICL,IL1VL,38520.0
RICL,ASHL,44160.0
RICL,SAAVR,128880.0
RICL,RIAR,154440.0
RICL,SIAVL,477360.0
RICL,AVDR,132720.0
RICL,SIAVR,162240.0
RICL,AVDL,194640.0
AIYL,IL2L,1800.0
AIYL,SIBDL,120000.0
AIYL,AUAL,1171560.0
AIYL,AIAL,58680.0
AIYL,ASEL,824880.0
AIYL,AINR,72240.0
AIYL,PVQL,47400.0
AIYL,ADFL,1114080.0
AIYL,SMBVR,6720.0
AIYL,AINL,160080.0
AIYL,AWCR,195480.0
AIYL,RIR,177840.0
AIYL,ASGL,11400.0
AIYL,RIML,206880.0
AIYL,AIML,70440.0
AIYL,RIFL,97560.0
AIYL,ASER,484320.0
AIYL,BAGR,433560.0
AIYL,RIGL,98040.0
AIYL,AFDL,1837320.0
AIYL,BAGL,119040.0
AIYL,AIBR,19440.0
AIYL,PVCL,19920.0
AIYL,AIBL,139560.0
AIYL,ASIL,64200.0
AIYL,AVHR,11880.0
AIYL,AWAL,115560.0
AIYL,AIZL,862800.0
AIYL,RIBL,701520.0
AIYL,SMBVL,153360.0
AIYL,ASHL,66000.0
AIYL,RIAR,55320.0
AIYL,RIAL,600360.0
IL2L,ADAL,36360.0
IL2L,SIBDL,10920.0
IL2L,AUAL,70560.0
IL2L,RMER,982080.0
IL2L,RMEV,179880.0
IL2L,RMEL,185280.0
IL2L,RMED,172320.0
IL2L,AINR,62640.0
IL2L,PVQL,23400.0
IL2L,SIBVL,36240.0
IL2L,SAADR,40440.0
IL2L,AINL,3480.0
IL2L,AWCR,26400.0
IL2L,OLLL,719160.0
IL2L,IL1L,467040.0
IL2L,AVEL,186120.0
IL2L,IL2DL,14280.0
IL2L,AIML,55680.0
IL2L,OLQVL,362400.0
IL2L,URAVL,25200.0
IL2L,ASER,25440.0
IL2L,AFDL,11160.0
IL2L,RMGL,114600.0
IL2L,URADL,87960.0
IL2L,RIPL,49680.0
IL2L,AIBL,9240.0
IL2L,ASIL,15000.0
IL2L,RIBL,62880.0
IL2L,SMBVL,76080.0
IL2L,ASHL,1080.0
IL2L,SIAVL,17760.0
IL2R,RMGR,127440.0
IL2R,RMER,791760.0
IL2R,AFDR,19560.0
IL2R,RMEV,233280.0
IL2R,RMEL,706680.0
IL2R,ASEL,32520.0
IL2R,RMED,220920.0
IL2R,AUAR,50040.0
IL2R,SIBVL,106440.0
IL2R,SMBVR,130560.0
IL2R,SAADL,44280.0
IL2R,AINL,39720.0
IL2R,OLQVR,131640.0
IL2R,AWCR,48360.0
IL2R,IL1R,403800.0
IL2R,RIVR,13560.0
IL2R,OLLR,653160.0
IL2R,IL1DR,123600.0
IL2R,OLQDR,111600.0
IL2R,AIMR,32280.0
IL2R,AVER,119640.0
IL2R,URAVR,18000.0
IL2R,BAGR,60960.0
IL2R,AIBR,6120.0
IL2R,RIPR,25680.0
IL2R,URADR,156120.0
IL2R,AIBL,19200.0
IL2R,ASIR,32280.0
IL2R,SIBVR,7800.0
IL2R,SIAVR,7800.0
ADAL,SIBDL,191280.0
ADAL,ASEL,13560.0
ADAL,Fragment2,32160.0
ADAL,AUAR,10920.0
ADAL,PVQL,24360.0
ADAL,SIBVL,244560.0
ADAL,SAADR,56760.0
ADAL,SAADL,203760.0
ADAL,RIR,30240.0
ADAL,DVA,243720.0
ADAL,RIML,329520.0
ADAL,SMBDL,61320.0
ADAL,RIVR,354000.0
ADAL,PVR,38160.0
ADAL,AVEL,47520.0
ADAL,URYVL,112200.0
ADAL,AIML,13440.0
ADAL,OLQVL,173160.0
ADAL,RIFL,216480.0
ADAL,OLQDL,37200.0
ADAL,URAVL,19080.0
ADAL,RMGL,215880.0
ADAL,BDUL,42480.0
ADAL,BWM-VL02,1440.0
ADAL,AIBR,93720.0
ADAL,PVCR,8520.0
ADAL,URADL,480.0
ADAL,RMDVR,31800.0
ADAL,PVPL,246600.0
ADAL,AVAR,457680.0
ADAL,AVHR,120240.0
ADAL,ADEL,180240.0
ADAL,AWAL,17280.0
ADAL,AIZL,11280.0
ADAL,SIBVR,19800.0
ADAL,SMBVL,77640.0
ADAL,SIADR,15840.0
ADAL,SAAVL,88080.0
ADAL,IL1VL,33360.0
ADAL,ASHL,989040.0
ADAL,SAAVR,300240.0
ADAL,SIAVL,45240.0
ADAL,AVDR,437160.0
ADAL,AVDL,108120.0
ADAL,RIAL,40200.0
RMGR,SIBDL,98520.0
RMGR,SIBVL,86520.0
RMGR,SAADR,220800.0
RMGR,SMBVR,257520.0
RMGR,SAADL,103200.0
RMGR,BWM-DR04,58080.0
RMGR,BWM-DR06,5760.0
RMGR,PVQR,558600.0
RMGR,DA1,99720.0
RMGR,IL1R,62760.0
RMGR,DVA,5760.0
RMGR,SMBDR,119400.0
RMGR,RIML,114960.0
RMGR,PVR,14520.0
RMGR,AVEL,28560.0
RMGR,RIFR,609480.0
RMGR,AIMR,583680.0
RMGR,AVER,135000.0
RMGR,excgl,194160.0
RMGR,BDUR,240840.0
RMGR,RIGR,174720.0
RMGR,AVKR,41760.0
RMGR,RMDVR,373560.0
RMGR,AVKL,165120.0
RMGR,AIBL,60480.0
RMGR,AWAR,172920.0
RMGR,AVAR,23160.0
RMGR,PVPR,3360.0
RMGR,SIBVR,4440.0
RMGR,SAAVL,39240.0
RMGR,SAAVR,96960.0
RMGR,RIAR,5280.0
RMGR,SIAVR,93120.0
RMGR,AVDL,11160.0
RMGR,ASHR,70680.0
SIBDL,AUAL,88800.0
SIBDL,RIMR,68640.0
SIBDL,RMEV,169560.0
SIBDL,RMDDL,51360.0
SIBDL,SIBVL,808920.0
SIBDL,SAADL,88680.0
SIBDL,BWM-DR04,2280.0
SIBDL,PVQR,1200.0
SIBDL,AWCR,2160.0
SIBDL,RIR,33600.0
SIBDL,DVA,112200.0
SIBDL,SMBDR,61440.0
SIBDL,RIML,249240.0
SIBDL,SMBDL,760920.0
SIBDL,IL1L,32040.0
SIBDL,RIVR,180840.0
SIBDL,OLLR,48600.0
SIBDL,URYVL,10200.0
SIBDL,AIMR,27240.0
SIBDL,OLQVL,35880.0
SIBDL,AVER,47400.0
SIBDL,URAVL,5520.0
SIBDL,BAGR,24960.0
SIBDL,RIGL,5760.0
SIBDL,AFDL,131160.0
SIBDL,RMGL,69960.0
SIBDL,BWM-VL06,46200.0
SIBDL,BAGL,35400.0
SIBDL,AIBR,19680.0
SIBDL,RMDVR,13320.0
SIBDL,RMDVL,9240.0
SIBDL,AIBL,57240.0
SIBDL,AWAR,720.0
SIBDL,PVPL,11400.0
SIBDL,AVAR,91320.0
SIBDL,AVHR,49320.0
SIBDL,AIZL,51960.0
SIBDL,SIBVR,169920.0
SIBDL,RIBL,159960.0
SIBDL,SMBVL,191280.0
SIBDL,SIADR,20640.0
SIBDL,SAAVL,54000.0
SIBDL,IL1VL,27240.0
SIBDL,SAAVR,163440.0
SIBDL,SIAVL,677400.0
SIBDL,AVDR,9960.0
SIBDL,SIAVR,13080.0
SIBDL,AVDL,39480.0
SIBDL,RIAL,44520.0
SIBDL,ASHR,24840.0
SABD,AINR,110640.0
SABD,SIBVL,1560.0
SABD,SMBVR,82440.0
SABD,DVA,69360.0
SABD,AIMR,2520.0
SABD,AIBR,37080.0
SABD,ADER,29040.0
SABD,ADEL,16560.0
SABD,ASIR,8040.0
SABD,SAAVL,144240.0
SABD,AIZR,2400.0
AUAL,AFDR,7200.0
AUAL,RMEV,129360.0
AUAL,AUAR,60360.0
AUAL,AINR,1193280.0
AUAL,ADFL,679560.0
AUAL,AINL,357120.0
AUAL,IL1DL,42360.0
AUAL,OLLL,52920.0
AUAL,RIR,117600.0
AUAL,DVA,157560.0
AUAL,RIML,83640.0
AUAL,IL1L,47040.0
AUAL,AVEL,223200.0
AUAL,IL2DL,42600.0
AUAL,URYVL,9840.0
AUAL,OLQDL,84960.0
AUAL,BAGR,186000.0
AUAL,AFDL,661560.0
AUAL,BAGL,68160.0
AUAL,AIBR,960.0
AUAL,AIBL,30840.0
AUAL,AWAL,360.0
AUAL,AIZL,84240.0
AUAL,RIBL,818280.0
AUAL,SAAVL,55320.0
AUAL,RIAL,325320.0
AIAR,AIAL,14160.0
AIAR,ASEL,232800.0
AIAR,AINR,99000.0
AIAR,ADFR,240360.0
AIAR,SMBVR,206760.0
AIAR,PVQR,413520.0
AIAR,DA1,360.0
AIAR,AWCR,871680.0
AIAR,IL1DR,23520.0
AIAR,OLQDR,4920.0
AIAR,RIFR,152280.0
AIAR,AIMR,622080.0
AIAR,IL2DR,1440.0
AIAR,ASER,329880.0
AIAR,AIBR,1250160.0
AIAR,AWAR,120480.0
AIAR,ASIR,239520.0
AIAR,AWAL,26400.0
AIAR,AIZR,374640.0
AIAR,ASHR,434280.0
RIMR,BWM-DL04,54360.0
RIMR,RMEV,62760.0
RIMR,AUAR,92640.0
RIMR,SIBVL,9240.0
RIMR,SAADR,921600.0
RIMR,AVHL,39120.0
RIMR,AVL,156000.0
RIMR,SMBVR,61800.0
RIMR,SAADL,775680.0
RIMR,AWCR,10440.0
RIMR,DVA,18720.0
RIMR,SMBDR,9960.0
RIMR,DVC,11880.0
RIMR,RIML,147000.0
RIMR,RIVR,452520.0
RIMR,PVT,134040.0
RIMR,AVEL,204240.0
RIMR,RIFR,19800.0
RIMR,AVER,173880.0
RIMR,BAGR,41520.0
RIMR,RIGL,218400.0
RIMR,RMGL,275640.0
RIMR,RIGR,345960.0
RIMR,BAGL,333840.0
RIMR,AIBR,200160.0
RIMR,AVKR,831240.0
RIMR,RMDVL,5040.0
RIMR,AVKL,462240.0
RIMR,PVCL,52680.0
RIMR,AIBL,847920.0
RIMR,AWAR,12960.0
RIMR,AVAR,105000.0
RIMR,SIBVR,233040.0
RIMR,RIBL,23640.0
RIMR,SIADR,229080.0
RIMR,SAAVL,1259640.0
RIMR,AIZR,861600.0
RIMR,SAAVR,714000.0
RIMR,RIAR,213840.0
RIMR,AVDR,49800.0
RIMR,SIAVR,152640.0
RIMR,AVDL,14760.0
RIMR,RIAL,4200.0
RIMR,ASHR,75720.0
BWM-DL04,SIBVL,24480.0
BWM-DL04,BWM-DL08,15480.0
BWM-DL04,SMBDR,74520.0
BWM-DL04,RMGL,31920.0
BWM-DL04,BWM-VL02,600.0
BWM-DL04,BWM-DL02,813360.0
BWM-DL04,SAAVL,5760.0
RMER,RMEV,825840.0
RMER,RMEL,354480.0
RMER,RMDDL,3360.0
RMER,RMED,679320.0
RMER,AVL,183240.0
RMER,BWM-DR03,9960.0
RMER,OLQVR,441720.0
RMER,IL1DL,26640.0
RMER,OLLL,168120.0
RMER,IL1R,34200.0
RMER,BWM-DR01,31320.0
RMER,IL1L,946200.0
RMER,OLLR,739680.0
RMER,IL1DR,361080.0
RMER,OLQDR,405960.0
RMER,PVT,36240.0
RMER,AVEL,26880.0
RMER,IL2DL,139560.0
RMER,URYVL,7440.0
RMER,URYVR,142680.0
RMER,IL2DR,76080.0
RMER,URAVL,244440.0
RMER,URAVR,163320.0
RMER,BAGR,129240.0
RMER,BWM-VL01,5640.0
RMER,BWM-VL02,307920.0
RMER,RIGR,143400.0
RMER,URADL,180120.0
RMER,RMDVR,66480.0
RMER,RIPL,52320.0
RMER,RIPR,176040.0
RMER,RMDVL,16320.0
RMER,URADR,99600.0
RMER,BWM-DL02,719160.0
RMER,IL1VR,400680.0
RMER,IL1VL,20280.0
AFDR,ASEL,222120.0
AFDR,AUAR,999720.0
AFDR,AINR,145920.0
AFDR,ADFR,130200.0
AFDR,AINL,1231800.0
AFDR,AWCR,200160.0
AFDR,IL1R,6360.0
AFDR,OLLR,5280.0
AFDR,IL1DR,5280.0
AFDR,OLQDR,12720.0
AFDR,AFDL,29520.0
AFDR,BAGL,74040.0
AFDR,AIBR,264360.0
AFDR,RMDVR,3720.0
AFDR,ASIR,18000.0
AFDR,AIZR,139320.0
AFDR,SAAVR,2400.0
RMEV,RMEL,1062600.0
RMEV,RMDDL,398520.0
RMEV,RMED,2169600.0
RMEV,AVL,659640.0
RMEV,ADFL,28080.0
RMEV,BWM-DR03,26280.0
RMEV,SMBVR,98040.0
RMEV,OLQVR,96840.0
RMEV,IL1DL,137880.0
RMEV,OLLL,599040.0
RMEV,RIR,276360.0
RMEV,IL1R,5400.0
RMEV,BWM-DR01,67560.0
RMEV,DVA,5040.0
RMEV,RIML,487560.0
RMEV,SMBDL,1080.0
RMEV,RIVR,26880.0
RMEV,OLLR,691800.0
RMEV,IL1DR,153000.0
RMEV,PVT,248400.0
RMEV,AVEL,1800.0
RMEV,IL2DL,69480.0
RMEV,URYVL,780720.0
RMEV,URYVR,502560.0
RMEV,IL2DR,17760.0
RMEV,OLQVL,221640.0
RMEV,AVER,15240.0
RMEV,OLQDL,4440.0
RMEV,URAVL,87480.0
RMEV,URAVR,234960.0
RMEV,BWM-DL03,10680.0
RMEV,RIGL,251040.0
RMEV,AFDL,1560.0
RMEV,BWM-VL05,22800.0
RMEV,BWM-VL01,30960.0
RMEV,BWM-VL03,144480.0
RMEV,RIGR,352440.0
RMEV,AIBR,74160.0
RMEV,AVKR,77040.0
RMEV,URADL,55800.0
RMEV,RMDVR,193560.0
RMEV,RIPL,47040.0
RMEV,RIPR,27720.0
RMEV,RMDVL,119880.0
RMEV,URADR,115680.0
RMEV,AIBL,23400.0
RMEV,AWAL,5880.0
RMEV,AIZL,840.0
RMEV,IL1VR,118920.0
RMEV,SIBVR,101160.0
RMEV,RIBL,354960.0
RMEV,SMBVL,57360.0
RMEV,IL1VL,182040.0
RMEV,ASHL,126360.0
RMEV,SIAVL,61200.0
BWM-VR07,SAADR,2520.0
BWM-VR07,SMBVR,118680.0
BWM-VR07,excgl,90720.0
BWM-VR07,RMDVL,600.0
BWM-VR07,RIAL,19200.0
RMEL,RMDDL,13800.0
RMEL,RMED,871560.0
RMEL,AVL,258720.0
RMEL,BWM-DR03,8880.0
RMEL,IL1DL,230040.0
RMEL,OLLL,936720.0
RMEL,IL1R,611880.0
RMEL,BWM-DR01,11880.0
RMEL,DVC,68880.0
RMEL,IL1L,77640.0
RMEL,OLLR,148680.0
RMEL,IL1DR,47640.0
RMEL,OLQDR,4320.0
RMEL,PVT,223080.0
RMEL,IL2DL,85920.0
RMEL,URYVL,86880.0
RMEL,IL2DR,20760.0
RMEL,OLQVL,633480.0
RMEL,OLQDL,191040.0
RMEL,URAVL,142200.0
RMEL,URAVR,214440.0
RMEL,BAGR,28200.0
RMEL,RIGL,272160.0
RMEL,BWM-VL01,7920.0
RMEL,BWM-VL02,36000.0
RMEL,URADL,22080.0
RMEL,RMDVR,360.0
RMEL,RIPL,163560.0
RMEL,RIPR,137160.0
RMEL,RMDVL,24360.0
RMEL,URADR,126840.0
RMEL,RIBL,191280.0
RMEL,IL1VL,464520.0
AIAL,ASEL,187080.0
AIAL,AINR,2880.0
AIAL,PVQL,395160.0
AIAL,ADFL,166800.0
AIAL,AINL,95400.0
AIAL,IL1DL,11040.0
AIAL,AWCR,233760.0
AIAL,RIR,7080.0
AIAL,ASGL,738480.0
AIAL,AIMR,22560.0
AIAL,AIML,627840.0
AIAL,RIFL,146760.0
AIAL,ASER,413640.0
AIAL,AFDL,6840.0
AIAL,RMGL,29400.0
AIAL,AIBL,1416480.0
AIAL,ASIL,402240.0
AIAL,ASIR,34200.0
AIAL,AWAL,223920.0
AIAL,AIZL,324720.0
AIAL,SMBVL,162360.0
AIAL,ASHL,488640.0
ASEL,PVQL,58800.0
ASEL,ADFR,13320.0
ASEL,ADFL,180360.0
ASEL,AINL,144960.0
ASEL,PVQR,45120.0
ASEL,AWCR,63120.0
ASEL,RIR,2160.0
ASEL,ASGL,163320.0
ASEL,OLLR,73320.0
ASEL,IL1DR,17040.0
ASEL,OLQDR,24120.0
ASEL,AIML,2520.0
ASEL,IL2DR,4440.0
ASEL,RIFL,28440.0
ASEL,ASER,197640.0
ASEL,AFDL,39000.0
ASEL,BAGL,6000.0
ASEL,AIBR,200160.0
ASEL,RMDVR,1920.0
ASEL,AIBL,1283880.0
ASEL,ASIL,133080.0
ASEL,AVAR,48240.0
ASEL,AVHR,2280.0
ASEL,ASIR,233400.0
ASEL,AWAL,1268640.0
ASEL,AIZL,180480.0
ASEL,SMBVL,70920.0
ASEL,AIZR,189360.0
ASEL,ASHL,375000.0
ASEL,SAAVR,41160.0
ASEL,SIAVL,1200.0
RMDDL,RMED,128160.0
RMDDL,SIBVL,212040.0
RMDDL,BWM-DR03,210600.0
RMDDL,SMBVR,100560.0
RMDDL,SAADL,182040.0
RMDDL,BWM-DR04,137520.0
RMDDL,BWM-DR06,5520.0
RMDDL,OLLL,433560.0
RMDDL,IL1R,176400.0
RMDDL,BWM-DR01,327600.0
RMDDL,SMBDR,59880.0
RMDDL,SMBDL,547320.0
RMDDL,IL1L,339240.0
RMDDL,RIVR,268680.0
RMDDL,OLLR,48720.0
RMDDL,IL1DR,30360.0
RMDDL,OLQDR,153720.0
RMDDL,URYVL,371520.0
RMDDL,AIMR,16200.0
RMDDL,IL2DR,64200.0
RMDDL,OLQVL,35280.0
RMDDL,AVER,70320.0
RMDDL,OLQDL,75960.0
RMDDL,URAVL,2400.0
RMDDL,excgl,49200.0
RMDDL,BWM-DL03,29040.0
RMDDL,RMGL,1800.0
RMDDL,BWM-VL05,37320.0
RMDDL,BWM-VL01,132960.0
RMDDL,BWM-VL03,35400.0
RMDDL,BWM-VL02,116280.0
RMDDL,RMDVR,2615400.0
RMDDL,RIPL,1560.0
RMDDL,RMDVL,137400.0
RMDDL,URADR,45720.0
RMDDL,AVAR,38280.0
RMDDL,BWM-DR05,70560.0
RMDDL,SIBVR,188280.0
RMDDL,SIADR,40320.0
RMDDL,IL1VL,1513080.0
RMDDL,RIAR,716400.0
RMDDL,SIAVR,7560.0
RMDDL,RIAL,1381920.0
Fragment2,DVA,32040.0
Fragment2,ADEL,9480.0
Fragment2,SMBVL,55680.0
Fragment2,SAAVR,14160.0
Fragment2,SIAVL,3360.0
RMED,RMED,12720.0
RMED,AVL,202200.0
RMED,BWM-DR03,69480.0
RMED,DA1,8520.0
RMED,IL1DL,115200.0
RMED,OLLL,216960.0
RMED,BWM-DR01,55200.0
RMED,SMBDR,61800.0
RMED,SMBDL,87720.0
RMED,IL1L,5640.0
RMED,OLLR,451200.0
RMED,IL1DR,86400.0
RMED,OLQDR,36720.0
RMED,PVT,127920.0
RMED,AVEL,14040.0
RMED,IL2DL,97200.0
RMED,URYVL,31080.0
RMED,URYVR,55920.0
RMED,IL2DR,118680.0
RMED,OLQVL,24840.0
RMED,OLQDL,99000.0
RMED,URAVL,340560.0
RMED,URAVR,180840.0
RMED,BWM-DL03,64560.0
RMED,RIGL,1920.0
RMED,BWM-VL01,237840.0
RMED,BWM-VL03,5640.0
RMED,RIGR,74640.0
RMED,AVKR,26760.0
RMED,URADL,109320.0
RMED,RMDVR,559440.0
RMED,RIPL,175920.0
RMED,RIPR,183600.0
RMED,RMDVL,953400.0
RMED,AVKL,26160.0
RMED,URADR,53160.0
RMED,BWM-DR05,51240.0
RMED,IL1VR,111600.0
RMED,RIBL,127680.0
RMED,IL1VL,177120.0
AUAR,AINR,195840.0
AUAR,ADFR,695880.0
AUAR,ADFL,15000.0
AUAR,AINL,1174080.0
AUAR,OLQVR,66960.0
AUAR,RIR,43680.0
AUAR,IL1R,51840.0
AUAR,DVA,40320.0
AUAR,RIVR,66000.0
AUAR,OLLR,15120.0
AUAR,IL1DR,27120.0
AUAR,OLQDR,15120.0
AUAR,URYVR,42240.0
AUAR,IL2DR,41280.0
AUAR,AVER,182160.0
AUAR,ASER,129000.0
AUAR,BAGR,93960.0
AUAR,RIGR,25440.0
AUAR,BAGL,85800.0
AUAR,AIBR,36960.0
AUAR,RMDVR,47280.0
AUAR,AIBL,70200.0
AUAR,AVAR,96720.0
AUAR,AIZL,29640.0
AUAR,RIBL,224040.0
AUAR,AIZR,280440.0
AUAR,SAAVR,61080.0
AUAR,RIAR,345960.0
AUAR,AVDR,56040.0
AUAR,AVDL,88440.0
AINR,ADFL,480.0
AINR,SAADL,13200.0
AINR,AINL,573120.0
AINR,IL1DL,13680.0
AINR,AWCR,210600.0
AINR,OLLL,3720.0
AINR,IL1L,20880.0
AINR,OLLR,2040.0
AINR,IL1DR,15240.0
AINR,OLQDR,26880.0
AINR,IL2DL,37560.0
AINR,IL2DR,8520.0
AINR,OLQDL,39720.0
AINR,ASER,394440.0
AINR,BAGR,334320.0
AINR,AFDL,1475160.0
AINR,BAGL,60840.0
AINR,AIBR,327120.0
AINR,RMDVL,2400.0
AINR,AIBL,138240.0
AINR,ASIL,289440.0
AINR,ASIR,14400.0
AINR,RIBL,190560.0
AINR,SAAVL,125640.0
AINR,RIAR,3000.0
AINR,AVDR,73200.0
AINR,RIAL,22320.0
PVQL,PVQR,16200.0
PVQL,IL1DL,8880.0
PVQL,OLLL,14520.0
PVQL,RIR,240.0
PVQL,DVA,2280.0
PVQL,IL1L,26640.0
PVQL,AIML,267000.0
PVQL,RIFL,341520.0
PVQL,RMGL,665640.0
PVQL,BDUL,80760.0
PVQL,AIBL,114000.0
PVQL,AWAL,334920.0
PVQL,SMBVL,7440.0
PVQL,SIADR,5520.0
PVQL,ASHL,265680.0
SIBVL,SAADR,109080.0
SIBVL,SMBVR,151080.0
SIBVL,SAADL,111240.0
SIBVL,PVQR,360.0
SIBVL,OLQVR,99000.0
SIBVL,DA1,27600.0
SIBVL,OLLL,2760.0
SIBVL,RIR,56400.0
SIBVL,IL1R,20880.0
SIBVL,DVA,1735680.0
SIBVL,SMBDR,778200.0
SIBVL,RIML,236400.0
SIBVL,SMBDL,530280.0
SIBVL,IL1L,65160.0
SIBVL,RIVR,29280.0
SIBVL,PVR,212880.0
SIBVL,IL2DL,22800.0
SIBVL,URYVL,37440.0
SIBVL,AIMR,53640.0
SIBVL,URYVR,91440.0
SIBVL,OLQVL,7920.0
SIBVL,AVER,8280.0
SIBVL,OLQDL,70440.0
SIBVL,URAVL,12240.0
SIBVL,excgl,349800.0
SIBVL,URAVR,42360.0
SIBVL,BAGR,77760.0
SIBVL,RIGL,9000.0
SIBVL,RMGL,3000.0
SIBVL,BDUR,116880.0
SIBVL,BAGL,62640.0
SIBVL,AIBR,57840.0
SIBVL,PVCR,22440.0
SIBVL,AVKR,8760.0
SIBVL,URADL,7920.0
SIBVL,RMDVR,232680.0
SIBVL,RIPL,720.0
SIBVL,RIPR,6960.0
SIBVL,RMDVL,14280.0
SIBVL,AVKL,360.0
SIBVL,PVCL,106440.0
SIBVL,AIBL,74520.0
SIBVL,PVPL,5520.0
SIBVL,AVHR,32760.0
SIBVL,AIZL,6960.0
SIBVL,IL1VR,8040.0
SIBVL,SIBVR,760920.0
SIBVL,RIBL,53280.0
SIBVL,SMBVL,140400.0
SIBVL,SIADR,4200.0
SIBVL,SAAVL,12840.0
SIBVL,IL1VL,27720.0
SIBVL,AIZR,13200.0
SIBVL,ASHL,112560.0
SIBVL,SAAVR,480.0
SIBVL,SIAVL,554640.0
SIBVL,AVDR,12840.0
SIBVL,SIAVR,186480.0
SIBVL,AVDL,234360.0
SIBVL,RIAL,58320.0
SAADR,SAADR,24000.0
SAADR,AVHL,6960.0
SAADR,ADFR,5160.0
SAADR,SMBVR,708000.0
SAADR,SAADL,369360.0
SAADR,AINL,12240.0
SAADR,OLLL,290160.0
SAADR,RIR,18360.0
SAADR,DVA,8400.0
SAADR,SMBDR,204720.0
SAADR,RIML,817800.0
SAADR,SMBDL,9720.0
SAADR,IL1L,95640.0
SAADR,PVT,15960.0
SAADR,AVEL,114720.0
SAADR,URYVR,131880.0
SAADR,RIFL,107400.0
SAADR,excgl,431040.0
SAADR,RIGL,211440.0
SAADR,RMGL,125040.0
SAADR,RIGR,752640.0
SAADR,AIBR,347280.0
SAADR,PVCR,30840.0
SAADR,AVKR,13920.0
SAADR,RMDVL,279600.0
SAADR,AVKL,96120.0
SAADR,AIBL,323880.0
SAADR,ADER,121800.0
SAADR,AVAR,188640.0
SAADR,ADEL,477960.0
SAADR,IL1VR,41520.0
SAADR,SIBVR,97560.0
SAADR,SMBVL,99720.0
SAADR,SIADR,177240.0
SAADR,SAAVL,552600.0
SAADR,AIZR,72240.0
SAADR,SAAVR,74160.0
SAADR,RIAR,64800.0
SAADR,SIAVL,16560.0
SAADR,AVDR,115080.0
SAADR,AVDL,2280.0
BWM-DL08,SMBDR,166680.0
BWM-DL08,PVR,21120.0
BWM-DL08,OLQDL,480.0
BWM-DL08,BWM-DL02,4800.0
AVHL,ADFR,467760.0
AVHL,SMBVR,35040.0
AVHL,AINL,600.0
AVHL,PVQR,89160.0
AVHL,OLQVR,32400.0
AVHL,IL1DL,720.0
AVHL,RIR,299520.0
AVHL,DVA,136560.0
AVHL,PVR,19800.0
AVHL,AVEL,68760.0
AVHL,RIFR,120720.0
AVHL,IL2DL,1440.0
AVHL,AIML,42000.0
AVHL,URYVR,25320.0
AVHL,RIFL,125400.0
AVHL,OLQDL,18360.0
AVHL,ASER,61920.0
AVHL,BDUR,79560.0
AVHL,BDUL,50280.0
AVHL,RIGR,1440.0
AVHL,BAGL,60480.0
AVHL,PVCR,18840.0
AVHL,AVKL,35520.0
AVHL,PVCL,103440.0
AVHL,AWAR,143400.0
AVHL,PVPL,66720.0
AVHL,AVAR,1080.0
AVHL,PVPR,931560.0
AVHL,AVHR,83520.0
AVHL,AWAL,2280.0
AVHL,SIADR,2280.0
AVHL,AIZR,182520.0
AVHL,ASHL,80280.0
AVHL,SIAVR,6240.0
AVHL,AVDL,265440.0
AVHL,ASHR,674160.0
ADFR,ADFL,136680.0
ADFR,SMBVR,246120.0
ADFR,PVQR,3120.0
ADFR,OLQVR,7800.0
ADFR,RIR,477120.0
ADFR,DVA,110040.0
ADFR,SMBDR,21600.0
ADFR,AVEL,10560.0
ADFR,URYVR,240.0
ADFR,ASER,465240.0
ADFR,AIBR,41640.0
ADFR,AIBL,49320.0
ADFR,AWAR,357480.0
ADFR,PVPR,33480.0
ADFR,AIZL,40800.0
ADFR,RIBL,4320.0
ADFR,SIADR,89280.0
ADFR,AIZR,2013120.0
ADFR,RIAR,310680.0
ADFR,AVDR,55200.0
ADFR,AVDL,4080.0
ADFR,ASHR,110520.0
AVL,OLQVR,34320.0
AVL,RIR,131280.0
AVL,SMBDR,305400.0
AVL,DVC,18480.0
AVL,RIML,146760.0
AVL,RIVR,314280.0
AVL,IL1DR,11280.0
AVL,OLQDR,14520.0
AVL,PVT,1409880.0
AVL,AVEL,3720.0
AVL,URYVL,190920.0
AVL,URYVR,219480.0
AVL,OLQVL,37800.0
AVL,OLQDL,155280.0
AVL,excgl,6360.0
AVL,URAVR,45360.0
AVL,BAGR,30480.0
AVL,RIGL,111600.0
AVL,RMGL,2880.0
AVL,RIGR,480000.0
AVL,BAGL,3000.0
AVL,AIBR,205320.0
AVL,AVKR,807240.0
AVL,AVKL,671760.0
AVL,AIBL,126240.0
AVL,ADER,9360.0
AVL,IL1VR,11040.0
AVL,SIBVR,103800.0
AVL,RIBL,168480.0
AVL,SIADR,178800.0
ADFL,AWCR,20880.0
ADFL,RIR,804840.0
ADFL,DVA,24360.0
ADFL,ASGL,15720.0
ADFL,SMBDL,52560.0
ADFL,URYVL,25560.0
ADFL,OLQVL,40320.0
ADFL,AVER,960.0
ADFL,ASER,208920.0
ADFL,BAGR,80400.0
ADFL,AFDL,302640.0
ADFL,AIBR,32160.0
ADFL,AIBL,56040.0
ADFL,PVPL,151680.0
ADFL,AVHR,298440.0
ADFL,AWAL,432480.0
ADFL,AIZL,1215840.0
ADFL,RIBL,133920.0
ADFL,SMBVL,324360.0
ADFL,AIZR,9240.0
ADFL,ASHL,137400.0
ADFL,AVDL,17160.0
ADFL,RIAL,153120.0
BWM-DR03,BWM-DR07,42000.0
BWM-DR03,BWM-DR01,601080.0
BWM-DR03,SMBDL,103320.0
BWM-DR03,IL2DR,7320.0
BWM-DR03,BWM-DL03,42720.0
BWM-DR03,RMDVR,37800.0
BWM-DR03,URADR,4200.0
BWM-DR03,BWM-DR05,479880.0
BWM-DR03,SIBVR,7320.0
SMBVR,SAADL,124440.0
SMBVR,PVQR,124680.0
SMBVR,OLQVR,270480.0
SMBVR,DA1,62760.0
SMBVR,RIR,111600.0
SMBVR,IL1R,17160.0
SMBVR,DVA,26760.0
SMBVR,SMBDR,1197000.0
SMBVR,SMBDL,100920.0
SMBVR,OLLR,87600.0
SMBVR,PVT,3720.0
SMBVR,RIFR,117240.0
SMBVR,AIMR,255120.0
SMBVR,AVER,13320.0
SMBVR,excgl,537120.0
SMBVR,ASER,81960.0
SMBVR,BDUR,5880.0
SMBVR,RIGR,212040.0
SMBVR,AIBR,40200.0
SMBVR,AVKR,1320.0
SMBVR,RMDVL,557760.0
SMBVR,AVKL,32640.0
SMBVR,AIBL,25920.0
SMBVR,AWAR,466440.0
SMBVR,PVPR,37680.0
SMBVR,AIZL,4200.0
SMBVR,IL1VR,34200.0
SMBVR,SIBVR,14160.0
SMBVR,SMBVL,21240.0
SMBVR,SIADR,37560.0
SMBVR,SAAVL,210480.0
SMBVR,AIZR,1090080.0
SMBVR,RIAR,93000.0
SMBVR,SIAVR,989400.0
SMBVR,ASHR,736320.0
SAADL,SAADL,6120.0
SAADL,IL1R,67320.0
SAADL,DVA,30000.0
SAADL,SMBDR,51960.0
SAADL,DVC,1200.0
SAADL,RIML,732960.0
SAADL,SMBDL,255720.0
SAADL,RIVR,719760.0
SAADL,OLLR,180840.0
SAADL,AVEL,33360.0
SAADL,RIFR,66360.0
SAADL,URYVL,68040.0
SAADL,AIMR,5040.0
SAADL,AVER,149880.0
SAADL,OLQDL,16200.0
SAADL,excgl,390000.0
SAADL,BAGR,40440.0
SAADL,RIGL,938400.0
SAADL,RMGL,183960.0
SAADL,RIGR,77280.0
SAADL,BAGL,6360.0
SAADL,AIBR,261960.0
SAADL,AVKR,136800.0
SAADL,RMDVR,303600.0
SAADL,AVKL,6360.0
SAADL,AIBL,354240.0
SAADL,ADER,125640.0
SAADL,AVAR,93840.0
SAADL,AVHR,3960.0
SAADL,ADEL,234000.0
SAADL,SIBVR,25080.0
SAADL,SMBVL,743040.0
SAADL,SIADR,1680.0
SAADL,SAAVL,17160.0
SAADL,IL1VL,360.0
SAADL,SAAVR,722760.0
SAADL,AVDR,15120.0
SAADL,SIAVR,1680.0
SAADL,AVDL,23760.0
SAADL,RIAL,61320.0
BWM-DR04,BWM-DR06,310800.0
BWM-DR04,BWM-DR08,21480.0
BWM-DR04,RIML,36360.0
BWM-DR04,SMBDL,156480.0
BWM-DR04,IL1DR,9120.0
BWM-DR04,PVR,35280.0
BWM-DR04,RMDVR,6720.0
BWM-DR04,SIBVR,38640.0
BWM-DR04,SAAVR,18000.0
BWM-DR07,BWM-DR01,104160.0
BWM-DR07,RIVR,17880.0
BWM-DR07,PVR,360.0
BWM-DR07,URADR,20400.0
BWM-DR07,BWM-DR05,36840.0
BWM-DR06,BWM-DR08,64080.0
BWM-DR06,RIML,38760.0
BWM-DR06,SMBDL,64440.0
BWM-DR06,RMDVL,23880.0
BWM-DR06,SIBVR,53640.0
AINL,IL1DL,8880.0
AINL,OLLL,49320.0
AINL,IL1R,60720.0
AINL,ASGL,206520.0
AINL,RIVR,78120.0
AINL,OLLR,11040.0
AINL,IL1DR,20640.0
AINL,OLQDR,29760.0
AINL,IL2DL,31920.0
AINL,IL2DR,36840.0
AINL,OLQDL,40320.0
AINL,BAGR,42240.0
AINL,AFDL,133080.0
AINL,BAGL,422160.0
AINL,AIBR,14160.0
AINL,RMDVR,13080.0
AINL,RMDVL,3240.0
AINL,URADR,3480.0
AINL,AIBL,457200.0
AINL,ASIL,63720.0
AINL,ASIR,18840.0
AINL,RIBL,162000.0
AINL,SAAVR,67560.0
AINL,RIAR,19920.0
AINL,AVDL,56280.0
BWM-DR08,SMBDL,70080.0
BWM-DR08,IL1DR,360.0
BWM-DR08,PVR,20400.0
PVQR,RIR,14640.0
PVQR,OLLR,3120.0
PVQR,PVR,13680.0
PVQR,RIFR,795720.0
PVQR,AIMR,751920.0
PVQR,AIML,23280.0
PVQR,AVER,45960.0
PVQR,RIFL,192120.0
PVQR,excgl,55200.0
PVQR,ASER,120240.0
PVQR,BDUR,220320.0
PVQR,BDUL,27240.0
PVQR,AIBR,115440.0
PVQR,PVCL,7440.0
PVQR,AIBL,600.0
PVQR,AWAR,258960.0
PVQR,PVPL,15720.0
PVQR,AVAR,18240.0
PVQR,PVPR,100800.0
PVQR,AVHR,1440.0
PVQR,AWAL,163320.0
PVQR,AIZR,3360.0
PVQR,ASHL,180720.0
PVQR,ASHR,459600.0
OLQVR,OLQVR,72600.0
OLQVR,RIR,44280.0
OLQVR,DVA,44160.0
OLQVR,OLLR,113520.0
OLQVR,PVR,36360.0
OLQVR,PVT,44280.0
OLQVR,AVEL,94080.0
OLQVR,URYVR,401880.0
OLQVR,URAVR,323400.0
OLQVR,RIGR,204720.0
OLQVR,BAGL,54360.0
OLQVR,AVKR,720.0
OLQVR,RIPR,279480.0
OLQVR,RMDVL,442440.0
OLQVR,PVPR,6960.0
OLQVR,IL1VR,429360.0
OLQVR,SIBVR,9960.0
OLQVR,AIZR,30960.0
OLQVR,RIAR,11280.0
OLQVR,AVDL,57120.0
DA1,PVR,1920.0
DA1,AIMR,122520.0
DA1,AIZR,9840.0
DA1,SIAVR,54360.0
DA1,ASHR,25800.0
IL1DL,AWCR,40920.0
IL1DL,OLLL,186000.0
IL1DL,SMBDR,9120.0
IL1DL,DVC,30120.0
IL1DL,IL1L,80760.0
IL1DL,OLLR,17280.0
IL1DL,IL1DR,18960.0
IL1DL,PVR,88200.0
IL1DL,PVT,41280.0
IL1DL,AVEL,5160.0
IL1DL,IL2DL,520560.0
IL1DL,AIML,20520.0
IL1DL,RIFL,18480.0
IL1DL,OLQDL,802200.0
IL1DL,BAGR,2160.0
IL1DL,RIGL,45240.0
IL1DL,AFDL,5400.0
IL1DL,BDUL,3120.0
IL1DL,BAGL,24000.0
IL1DL,URADL,461040.0
IL1DL,RIPL,538680.0
IL1DL,RIPR,4320.0
IL1DL,RMDVL,795240.0
IL1DL,AIBL,7560.0
IL1DL,ASIL,21240.0
IL1DL,BWM-DL02,56640.0
IL1DL,RIBL,46200.0
IL1DL,AVDR,57960.0
AWCR,IL1R,89520.0
AWCR,IL1L,34680.0
AWCR,OLLR,37800.0
AWCR,IL1DR,26400.0
AWCR,OLQDR,32880.0
AWCR,IL2DL,42480.0
AWCR,AIMR,11160.0
AWCR,IL2DR,3120.0
AWCR,OLQDL,53520.0
AWCR,ASER,955200.0
AWCR,BAGR,3840.0
AWCR,AFDL,69240.0
AWCR,AIBR,1139760.0
AWCR,AIBL,213840.0
AWCR,AWAR,8400.0
AWCR,ASIL,479760.0
AWCR,ASIR,1455840.0
AWCR,AIZL,90960.0
AWCR,SAAVL,21000.0
AWCR,AIZR,97680.0
AWCR,SAAVR,42720.0
AWCR,AVDR,14280.0
AWCR,RIAL,17400.0
OLLL,DVC,3960.0
OLLL,RIML,3960.0
OLLL,IL1L,656640.0
OLLL,OLLR,107040.0
OLLL,PVT,78840.0
OLLL,URYVL,88560.0
OLLL,AIML,34440.0
OLLL,OLQVL,183360.0
OLLL,AVER,885360.0
OLLL,OLQDL,124200.0
OLLL,URAVL,600.0
OLLL,RIGL,314400.0
OLLL,RMDVR,51720.0
OLLL,RMDVL,324840.0
OLLL,AIBL,1200.0
OLLL,ASIL,35280.0
OLLL,SIBVR,20040.0
OLLL,RIBL,409560.0
OLLL,SMBVL,70200.0
OLLL,SIADR,9240.0
OLLL,IL1VL,334560.0
OLLL,SIAVL,14160.0
OLLL,AVDL,29520.0
RIR,DVA,966600.0
RIR,SMBDR,49200.0
RIR,SMBDL,105480.0
RIR,IL1L,99240.0
RIR,RIVR,171720.0
RIR,PVT,5520.0
RIR,AVEL,70200.0
RIR,URYVL,166800.0
RIR,AIML,4920.0
RIR,URYVR,155160.0
RIR,OLQVL,29640.0
RIR,AVER,78960.0
RIR,RIFL,169080.0
RIR,excgl,73320.0
RIR,ASER,90120.0
RIR,URAVR,4440.0
RIR,BAGR,331200.0
RIR,RIGL,332760.0
RIR,AFDL,1560.0
RIR,BDUL,55560.0
RIR,RIGR,298440.0
RIR,BAGL,235680.0
RIR,AIBR,113280.0
RIR,PVCR,9960.0
RIR,AIBL,3360.0
RIR,PVPL,847920.0
RIR,PVPR,605160.0
RIR,AVHR,393480.0
RIR,AWAL,15360.0
RIR,AIZL,354960.0
RIR,IL1VR,24000.0
RIR,SIBVR,93000.0
RIR,SMBVL,49440.0
RIR,SIADR,64200.0
RIR,IL1VL,8400.0
RIR,AIZR,707400.0
RIR,ASHL,114480.0
RIR,RIAR,430440.0
RIR,AVDR,30360.0
RIR,AVDL,46440.0
RIR,RIAL,351720.0
RIR,ASHR,6480.0
IL1R,RIVR,143280.0
IL1R,OLLR,417960.0
IL1R,IL1DR,156000.0
IL1R,AVEL,89520.0
IL1R,RIFR,105600.0
IL1R,AVER,179160.0
IL1R,URAVR,94920.0
IL1R,BAGR,18960.0
IL1R,BDUR,11280.0
IL1R,RMDVR,484560.0
IL1R,RMDVL,151560.0
IL1R,URADR,57720.0
IL1R,ASIR,72480.0
IL1R,IL1VR,113400.0
IL1R,SIBVR,29280.0
IL1R,SAAVR,49800.0
IL1R,RIAR,65880.0
IL1R,SIAVR,33000.0
IL1R,RIAL,55320.0
BWM-DR01,SMBDL,141360.0
BWM-DR01,IL1DR,81960.0
BWM-DR01,IL2DR,23280.0
BWM-DR01,RMDVR,53160.0
BWM-DR01,RIPR,6600.0
BWM-DR01,URADR,329520.0
DVA,SMBDR,148920.0
DVA,RIML,11520.0
DVA,SMBDL,81120.0
DVA,RIVR,204360.0
DVA,PVR,391440.0
DVA,AVEL,248400.0
DVA,URYVL,19080.0
DVA,AIML,5520.0
DVA,URYVR,44280.0
DVA,OLQVL,4680.0
DVA,AVER,185640.0
DVA,RIFL,9120.0
DVA,URAVL,44520.0
DVA,excgl,40800.0
DVA,URAVR,54600.0
DVA,BAGR,170520.0
DVA,RIGL,19320.0
DVA,RMGL,53880.0
DVA,BDUL,261600.0
DVA,RIGR,37080.0
DVA,BAGL,167280.0
DVA,AIBR,45600.0
DVA,PVCR,73440.0
DVA,RMDVR,69960.0
DVA,RMDVL,5040.0
DVA,PVCL,43560.0
DVA,AIBL,135840.0
DVA,AWAR,6720.0
DVA,ADER,164520.0
DVA,PVPL,437400.0
DVA,AVAR,31800.0
DVA,PVPR,646320.0
DVA,AVHR,423600.0
DVA,AIZL,413880.0
DVA,IL1VR,51120.0
DVA,SIBVR,1227360.0
DVA,RIBL,20040.0
DVA,SIADR,332640.0
DVA,SAAVL,56040.0
DVA,IL1VL,46920.0
DVA,AIZR,489600.0
DVA,ASHL,3240.0
DVA,SAAVR,17400.0
DVA,SIAVL,865560.0
DVA,AVDR,423480.0
DVA,SIAVR,771480.0
DVA,AVDL,526680.0
DVA,ASHR,121320.0
SMBDR,SMBDL,110760.0
SMBDR,PVT,4080.0
SMBDR,AVEL,7200.0
SMBDR,IL2DL,58920.0
SMBDR,URYVR,65520.0
SMBDR,AVER,4200.0
SMBDR,RIFL,10800.0
SMBDR,OLQDL,336960.0
SMBDR,BWM-DL03,110280.0
SMBDR,BAGR,3720.0
SMBDR,RIGL,24120.0
SMBDR,RIGR,312000.0
SMBDR,PVCR,60840.0
SMBDR,AVKR,177360.0
SMBDR,URADL,69960.0
SMBDR,RMDVR,9120.0
SMBDR,RIPL,29040.0
SMBDR,RMDVL,14160.0
SMBDR,AVKL,141240.0
SMBDR,PVCL,10320.0
SMBDR,AIBL,318360.0
SMBDR,AWAR,240.0
SMBDR,ADER,360.0
SMBDR,BWM-DL02,38880.0
SMBDR,AIZL,3000.0
SMBDR,SIBVR,346440.0
SMBDR,SMBVL,29520.0
SMBDR,SIADR,785040.0
SMBDR,SAAVL,242880.0
SMBDR,AIZR,577080.0
SMBDR,SAAVR,49080.0
SMBDR,RIAR,32640.0
SMBDR,SIAVR,300840.0
SMBDR,AVDL,29760.0
SMBDR,ASHR,165960.0
DVC,RIVR,406560.0
DVC,PVT,1300680.0
DVC,URYVL,85320.0
DVC,OLQVL,104040.0
DVC,AVER,81600.0
DVC,OLQDL,34920.0
DVC,URAVL,1200.0
DVC,BAGR,73200.0
DVC,RIGL,1643640.0
DVC,RMGL,2640.0
DVC,RIGR,63000.0
DVC,AIBR,390360.0
DVC,AVKR,932280.0
DVC,AVKL,683520.0
DVC,AIBL,284880.0
DVC,ADER,124080.0
DVC,AVAR,258600.0
DVC,ADEL,258720.0
DVC,AIZL,108360.0
DVC,RIBL,240600.0
DVC,AVDR,13680.0
ASGL,AIML,489120.0
ASGL,ASER,100200.0
ASGL,AIBL,307560.0
ASGL,ASIL,88320.0
ASGL,AWAL,189960.0
ASGL,AIZL,136920.0
ASGL,ASHL,480.0
ASGL,SAAVR,115080.0
RIML,SMBDL,53280.0
RIML,IL1L,71040.0
RIML,RIVR,83640.0
RIML,OLLR,2760.0
RIML,PVT,33480.0
RIML,AVEL,144120.0
RIML,AVER,231120.0
RIML,RIFL,110160.0
RIML,BAGR,288000.0
RIML,RIGL,425400.0
RIML,RIGR,102240.0
RIML,AIBR,1150920.0
RIML,PVCR,89280.0
RIML,AVKR,524880.0
RIML,AVKL,486120.0
RIML,AIBL,188160.0
RIML,PVPL,85440.0
RIML,AVAR,891120.0
RIML,AIZL,643320.0
RIML,RIBL,304320.0
RIML,SMBVL,85440.0
RIML,SIADR,61800.0
RIML,SAAVL,572040.0
RIML,ASHL,192240.0
RIML,SAAVR,1211520.0
RIML,RIAR,3600.0
RIML,SIAVL,97200.0
RIML,AVDR,29880.0
RIML,AVDL,19320.0
RIML,RIAL,116040.0
SMBDL,RIVR,118440.0
SMBDL,OLLR,29160.0
SMBDL,IL1DR,69720.0
SMBDL,OLQDR,327840.0
SMBDL,PVT,5280.0
SMBDL,URYVL,26760.0
SMBDL,IL2DR,480.0
SMBDL,AVER,6120.0
SMBDL,RIGL,417480.0
SMBDL,RIGR,78000.0
SMBDL,BAGL,9960.0
SMBDL,AIBR,234480.0
SMBDL,PVCR,24960.0
SMBDL,AVKR,102000.0
SMBDL,RMDVR,11400.0
SMBDL,RIPR,6240.0
SMBDL,RMDVL,25200.0
SMBDL,AVKL,420120.0
SMBDL,URADR,45480.0
SMBDL,PVCL,26760.0
SMBDL,ADER,22080.0
SMBDL,AVAR,120240.0
SMBDL,AVHR,43560.0
SMBDL,BWM-DR05,77040.0
SMBDL,AIZL,437160.0
SMBDL,SIBVR,605760.0
SMBDL,RIBL,6240.0
SMBDL,SMBVL,1014000.0
SMBDL,SAAVL,20040.0
SMBDL,AIZR,100680.0
SMBDL,ASHL,112680.0
SMBDL,SAAVR,255240.0
SMBDL,RIAR,46440.0
SMBDL,SIAVL,327960.0
SMBDL,AVDR,2760.0
SMBDL,RIAL,23640.0
IL1L,AVEL,150120.0
IL1L,AVER,102600.0
IL1L,RIFL,81360.0
IL1L,URAVL,146040.0
IL1L,ASER,5760.0
IL1L,AFDL,2520.0
IL1L,RMGL,110280.0
IL1L,BDUL,39960.0
IL1L,BWM-VL02,225600.0
IL1L,URADL,53760.0
IL1L,RMDVR,165120.0
IL1L,RMDVL,627000.0
IL1L,AIBL,15960.0
IL1L,ASIL,27000.0
IL1L,BWM-DL02,128520.0
IL1L,SIBVR,3720.0
IL1L,SAAVL,23280.0
IL1L,IL1VL,203760.0
IL1L,RIAR,54240.0
IL1L,SIAVL,34080.0
IL1L,RIAL,49560.0
RIVR,OLQDR,2520.0
RIVR,PVR,60960.0
RIVR,PVT,85680.0
RIVR,AVER,60000.0
RIVR,excgl,318360.0
RIVR,BWM-DL03,3360.0
RIVR,BAGR,52200.0
RIVR,RIGL,502200.0
RIVR,RMGL,184080.0
RIVR,BDUL,5280.0
RIVR,BWM-VL03,23160.0
RIVR,BAGL,58320.0
RIVR,AIBR,391560.0
RIVR,AVKR,248880.0
RIVR,RMDVR,234360.0
RIVR,AVKL,51480.0
RIVR,URADR,15360.0
RIVR,AIBL,85680.0
RIVR,PVPL,82800.0
RIVR,AVAR,316320.0
RIVR,AVHR,13920.0
RIVR,BWM-DR05,3120.0
RIVR,ASIR,1800.0
RIVR,SIBVR,15720.0
RIVR,SAAVL,196920.0
RIVR,SAAVR,308640.0
RIVR,RIAR,143760.0
RIVR,SIAVL,254040.0
RIVR,AVDR,62400.0
RIVR,SIAVR,7200.0
RIVR,AVDL,1440.0
RIVR,RIAL,257880.0
OLLR,IL1DR,361320.0
OLLR,OLQDR,20520.0
OLLR,AVEL,717480.0
OLLR,AIMR,18240.0
OLLR,URYVR,179760.0
OLLR,URAVR,12480.0
OLLR,BAGR,3960.0
OLLR,RIGR,242280.0
OLLR,BAGL,360.0
OLLR,AIBR,3360.0
OLLR,RMDVR,280800.0
OLLR,AIBL,60360.0
OLLR,AVHR,11640.0
OLLR,ASIR,56160.0
OLLR,IL1VR,271080.0
OLLR,RIBL,6840.0
OLLR,IL1VL,15720.0
OLLR,AVDR,73320.0
OLLR,SIAVR,5400.0
IL1DR,OLQDR,733080.0
IL1DR,PVR,90960.0
IL1DR,PVT,15000.0
IL1DR,RIFR,1920.0
IL1DR,IL2DR,512640.0
IL1DR,BAGR,29400.0
IL1DR,BDUR,240.0
IL1DR,RIGR,41880.0
IL1DR,BAGL,18000.0
IL1DR,AIBR,10920.0
IL1DR,RMDVR,991320.0
IL1DR,RIPR,253320.0
IL1DR,AVKL,2400.0
IL1DR,URADR,560160.0
IL1DR,AIBL,1680.0
IL1DR,AVHR,11040.0
IL1DR,ASIR,13800.0
IL1DR,AIZR,9600.0
IL1DR,AVDR,20880.0
IL1DR,AVDL,27000.0
OLQDR,PVT,20760.0
OLQDR,AVEL,75720.0
OLQDR,RIFR,34680.0
OLQDR,AIMR,23640.0
OLQDR,IL2DR,296640.0
OLQDR,BAGR,27480.0
OLQDR,RIGR,80400.0
OLQDR,RMDVR,63360.0
OLQDR,RIPL,106560.0
OLQDR,RIPR,220920.0
OLQDR,AVKL,2880.0
OLQDR,URADR,286800.0
OLQDR,AVAR,85560.0
OLQDR,AVHR,13440.0
OLQDR,ASIR,30720.0
OLQDR,SIBVR,41400.0
OLQDR,AVDR,58080.0
OLQDR,AVDL,27720.0
PVR,RIFR,960.0
PVR,IL2DL,86040.0
PVR,URYVL,51720.0
PVR,URYVR,124920.0
PVR,IL2DR,73080.0
PVR,OLQVL,110760.0
PVR,RIFL,67920.0
PVR,URAVL,56520.0
PVR,excgl,218880.0
PVR,URAVR,15480.0
PVR,BWM-DL03,6840.0
PVR,RMGL,1680.0
PVR,BDUR,1006320.0
PVR,BWM-VL05,360.0
PVR,BDUL,676920.0
PVR,BWM-VL06,11280.0
PVR,BWM-VL01,59880.0
PVR,BWM-VL03,960.0
PVR,BWM-VL02,26040.0
PVR,BWM-VL08,1680.0
PVR,PVCR,3600.0
PVR,URADL,78600.0
PVR,RMDVR,35400.0
PVR,RIPL,45360.0
PVR,RIPR,30840.0
PVR,URADR,99720.0
PVR,PVCL,134040.0
PVR,BWM-DL02,66720.0
PVR,PVPL,6720.0
PVR,AVHR,8040.0
PVR,IL1VR,4440.0
PVR,SIBVR,17040.0
PVR,SMBVL,24360.0
PVR,IL1VL,87960.0
PVR,AVDR,32040.0
PVR,SIAVR,146880.0
PVR,AVDL,206280.0
PVT,URYVL,212760.0
PVT,URYVR,128400.0
PVT,IL2DR,7200.0
PVT,OLQVL,63840.0
PVT,OLQDL,65520.0
PVT,URAVL,25080.0
PVT,URAVR,47040.0
PVT,BAGR,49080.0
PVT,RIGL,635640.0
PVT,RMGL,9360.0
PVT,RIGR,1381080.0
PVT,BAGL,62040.0
PVT,AIBR,168360.0
PVT,AVKR,1174320.0
PVT,AVKL,1626720.0
PVT,AIBL,125760.0
PVT,ADER,38760.0
PVT,ADEL,117480.0
PVT,IL1VR,18960.0
PVT,RIBL,89880.0
PVT,SMBVL,34920.0
PVT,SIADR,720.0
PVT,IL1VL,29880.0
PVT,RIAR,1440.0
AVEL,URYVR,512280.0
AVEL,AVER,27720.0
AVEL,RIFL,148560.0
AVEL,BAGR,404280.0
AVEL,RIGL,112680.0
AVEL,RMGL,94440.0
AVEL,BDUL,240.0
AVEL,RIGR,31440.0
AVEL,BAGL,28440.0
AVEL,AIBR,151320.0
AVEL,PVCR,66000.0
AVEL,AVKR,262800.0
AVEL,RMDVR,135360.0
AVEL,RMDVL,44400.0
AVEL,AVKL,410400.0
AVEL,PVCL,17640.0
AVEL,AIBL,404040.0
AVEL,PVPR,137280.0
AVEL,AIZL,671040.0
AVEL,RIBL,217680.0
AVEL,SIADR,316440.0
AVEL,SAAVL,62400.0
AVEL,AIZR,339360.0
AVEL,ASHL,27960.0
AVEL,SAAVR,20880.0
AVEL,RIAR,46800.0
AVEL,SIAVL,14400.0
AVEL,AVDR,241440.0
AVEL,SIAVR,165840.0
RIFR,AIMR,319440.0
RIFR,IL2DR,24960.0
RIFR,AVER,26520.0
RIFR,RIFL,6360.0
RIFR,ASER,8160.0
RIFR,BDUR,1365240.0
RIFR,BDUL,47160.0
RIFR,RIGR,10320.0
RIFR,AIBR,79200.0
RIFR,PVCR,2760.0
RIFR,URADR,47160.0
RIFR,PVCL,207840.0
RIFR,AWAR,46080.0
RIFR,PVPR,182880.0
RIFR,AVHR,68400.0
RIFR,AVDR,9120.0
RIFR,ASHR,867360.0
IL2DL,RIFL,6240.0
IL2DL,OLQDL,354000.0
IL2DL,ASER,480.0
IL2DL,BAGR,2400.0
IL2DL,AFDL,1440.0
IL2DL,BDUL,19920.0
IL2DL,BAGL,17400.0
IL2DL,URADL,562440.0
IL2DL,RIPL,781800.0
IL2DL,RMDVL,32880.0
IL2DL,ASIL,8880.0
IL2DL,RIBL,11640.0
IL2DL,AVDR,23880.0
URYVL,OLQVL,370800.0
URYVL,AVER,647040.0
URYVL,URAVL,330000.0
URYVL,BAGR,191760.0
URYVL,RIGL,126600.0
URYVL,AIBR,199200.0
URYVL,PVCR,39360.0
URYVL,RMDVR,172200.0
URYVL,AVKL,5760.0
URYVL,PVPL,1200.0
URYVL,AVHR,37440.0
URYVL,AIZL,11040.0
URYVL,SIBVR,29160.0
URYVL,RIBL,415080.0
URYVL,SMBVL,19320.0
URYVL,IL1VL,1387560.0
URYVL,SIAVL,720.0
URYVL,AVDR,39960.0
URYVL,RIAL,21360.0
AIMR,AIML,98040.0
AIMR,AVER,208680.0
AIMR,RIFL,10800.0
AIMR,BDUR,56160.0
AIMR,BDUL,14040.0
AIMR,AWAR,95400.0
AIMR,AVHR,27960.0
AIMR,AWAL,63840.0
AIMR,SAAVL,43320.0
AIMR,AIZR,7680.0
AIMR,ASHL,114240.0
AIMR,AVDR,41160.0
AIMR,ASHR,77160.0
AIML,RIFL,96240.0
AIML,OLQDL,14160.0
AIML,excgl,19200.0
AIML,RMGL,456600.0
AIML,BDUL,600.0
AIML,URADL,10680.0
AIML,AIBL,7920.0
AIML,AWAL,166560.0
AIML,SMBVL,178200.0
AIML,SIADR,27120.0
AIML,ASHL,90600.0
AIML,AVDL,22080.0
URYVR,URAVR,168960.0
URYVR,BAGR,19080.0
URYVR,RIGR,231960.0
URYVR,BAGL,183720.0
URYVR,AVKR,63360.0
URYVR,RIPR,9240.0
URYVR,RMDVL,264000.0
URYVR,AIBL,100080.0
URYVR,PVPR,7920.0
URYVR,IL1VR,1195080.0
URYVR,SIBVR,81000.0
URYVR,SIADR,104640.0
URYVR,AIZR,43680.0
URYVR,RIAR,16680.0
URYVR,AVDL,136440.0
URYVR,ASHR,4440.0
IL2DR,BAGR,23520.0
IL2DR,BDUR,49680.0
IL2DR,RIGR,60960.0
IL2DR,BAGL,5040.0
IL2DR,RMDVR,7800.0
IL2DR,RIPL,13200.0
IL2DR,RIPR,736080.0
IL2DR,URADR,630480.0
IL2DR,AIBL,29520.0
IL2DR,ASIR,37680.0
IL2DR,AVDR,2520.0
IL2DR,AVDL,18600.0
OLQVL,OLQVL,244560.0
OLQVL,AVER,52560.0
OLQVL,OLQDL,8040.0
OLQVL,URAVL,288480.0
OLQVL,BAGR,156840.0
OLQVL,RIGL,85800.0
OLQVL,BWM-VL06,40200.0
OLQVL,AIBR,5040.0
OLQVL,PVCR,46560.0
OLQVL,RMDVR,362880.0
OLQVL,RIPL,266160.0
OLQVL,PVPL,34440.0
OLQVL,AVHR,31680.0
OLQVL,AIZL,3240.0
OLQVL,SIBVR,69240.0
OLQVL,RIBL,80280.0
OLQVL,SMBVL,337440.0
OLQVL,IL1VL,431760.0
OLQVL,AVDR,61680.0
OLQVL,RIAL,1440.0
AVER,OLQDL,214200.0
AVER,BAGR,29760.0
AVER,RIGL,14280.0
AVER,RMGL,2760.0
AVER,BDUR,16200.0
AVER,RIGR,2280.0
AVER,BAGL,396360.0
AVER,AIBR,418440.0
AVER,PVCR,32280.0
AVER,AVKR,432000.0
AVER,RMDVR,46440.0
AVER,RMDVL,148680.0
AVER,AVKL,227280.0
AVER,PVCL,129600.0
AVER,AIBL,165720.0
AVER,PVPL,172680.0
AVER,AVAR,11040.0
AVER,AVHR,360.0
AVER,AIZL,369000.0
AVER,RIBL,686760.0
AVER,SMBVL,360.0
AVER,SIADR,27480.0
AVER,SAAVL,14760.0
AVER,IL1VL,3120.0
AVER,AIZR,534840.0
AVER,SAAVR,77280.0
AVER,SIAVL,210840.0
AVER,AVDR,120.0
AVER,SIAVR,4440.0
AVER,AVDL,216240.0
AVER,RIAL,33960.0
RIFL,OLQDL,1200.0
RIFL,RMGL,460080.0
RIFL,BDUL,1054080.0
RIFL,PVCR,4440.0
RIFL,URADL,69600.0
RIFL,PVCL,153840.0
RIFL,AIBL,29400.0
RIFL,PVPR,1560.0
RIFL,AVHR,112680.0
RIFL,AWAL,127440.0
RIFL,SMBVL,13560.0
RIFL,ASHL,983040.0
RIFL,AVDR,16680.0
OLQDL,OLQDL,53160.0
OLQDL,BAGR,20520.0
OLQDL,RIGL,183480.0
OLQDL,AFDL,2520.0
OLQDL,BAGL,26520.0
OLQDL,URADL,200520.0
OLQDL,RIPL,79800.0
OLQDL,RMDVL,57480.0
OLQDL,AVKL,4200.0
OLQDL,ASIL,25440.0
OLQDL,BWM-DL02,8040.0
OLQDL,RIBL,202080.0
OLQDL,ASHL,24480.0
OLQDL,AVDR,40680.0
OLQDL,AVDL,41760.0
URAVL,BAGR,23760.0
URAVL,BWM-VL01,600480.0
URAVL,BWM-VL02,278040.0
URAVL,AIBR,112800.0
URAVL,RMDVR,104280.0
URAVL,RIPL,467040.0
URAVL,URADR,1800.0
URAVL,SIBVR,18120.0
URAVL,RIBL,113760.0
URAVL,IL1VL,289440.0
URAVL,SIAVL,24240.0
URAVL,RIAL,25920.0
excgl,BDUR,147240.0
excgl,BDUL,123480.0
excgl,PVCR,7080.0
excgl,RMDVR,30720.0
excgl,PVCL,1920.0
excgl,ADER,46800.0
excgl,ADEL,171600.0
excgl,SIBVR,186720.0
excgl,SMBVL,502800.0
excgl,SAAVL,79800.0
excgl,SAAVR,106440.0
excgl,SIAVL,127920.0
excgl,AVDR,9720.0
excgl,SIAVR,358920.0
ASER,BAGR,13920.0
ASER,AFDL,649440.0
ASER,AIBR,1508520.0
ASER,AIBL,380040.0
ASER,AWAR,1194360.0
ASER,ASIL,275400.0
ASER,PVPL,3600.0
ASER,AVAR,360.0
ASER,PVPR,240.0
ASER,AVHR,1560.0
ASER,ASIR,158160.0
ASER,AIZL,354720.0
ASER,AIZR,296640.0
ASER,ASHR,521760.0
URAVR,RIGR,40320.0
URAVR,BAGL,80040.0
URAVR,RIPR,627840.0
URAVR,RMDVL,59280.0
URAVR,AIBL,59640.0
URAVR,IL1VR,112080.0
URAVR,SIBVR,20160.0
URAVR,SIADR,13440.0
URAVR,RIAR,19920.0
URAVR,SIAVR,13440.0
BWM-DL03,RMDVL,52320.0
BAGR,RIGL,773520.0
BAGR,AFDL,50640.0
BAGR,RIGR,72360.0
BAGR,BAGL,895200.0
BAGR,AIBR,547440.0
BAGR,RMDVR,165960.0
BAGR,AIBL,66600.0
BAGR,ASIL,149880.0
BAGR,PVPL,74880.0
BAGR,AVAR,22800.0
BAGR,AIZL,317040.0
BAGR,SIBVR,97320.0
BAGR,RIBL,1072440.0
BAGR,SIADR,3720.0
BAGR,SAAVL,94080.0
BAGR,IL1VL,37320.0
BAGR,SAAVR,86880.0
BAGR,AVDR,210240.0
BAGR,AVDL,101880.0
BAGR,RIAL,589080.0
RIGL,RMGL,153240.0
RIGL,RIGR,291720.0
RIGL,BAGL,2400.0
RIGL,AIBR,944880.0
RIGL,PVCR,49200.0
RIGL,AVKR,471600.0
RIGL,AVKL,384000.0
RIGL,PVCL,56280.0
RIGL,AIBL,23400.0
RIGL,ADER,144360.0
RIGL,PVPL,113160.0
RIGL,AVAR,6840.0
RIGL,ADEL,35760.0
RIGL,AIZL,324720.0
RIGL,RIBL,131520.0
RIGL,SMBVL,183240.0
RIGL,SAAVL,37800.0
RIGL,IL1VL,25440.0
RIGL,AIZR,63840.0
RIGL,SAAVR,238560.0
RIGL,AVDR,71280.0
RIGL,RIAL,162480.0
AFDL,AIBL,316320.0
AFDL,ASIL,321240.0
AFDL,AIZL,211920.0
AFDL,SAAVL,3360.0
AFDL,SAAVR,17280.0
AFDL,RIAL,5160.0
RMGL,BDUL,191880.0
RMGL,BWM-VL06,21480.0
RMGL,AIBR,99120.0
RMGL,PVCR,45720.0
RMGL,AVKR,351120.0
RMGL,RMDVL,363840.0
RMGL,AVKL,154680.0
RMGL,AVAR,2880.0
RMGL,AWAL,53040.0
RMGL,SIBVR,43920.0
RMGL,SMBVL,111120.0
RMGL,SAAVL,206520.0
RMGL,ASHL,178800.0
RMGL,SAAVR,68880.0
RMGL,RIAR,3000.0
RMGL,SIAVL,102600.0
RMGL,AVDR,16200.0
RMGL,RIAL,32400.0
BDUR,BDUL,231000.0
BDUR,PVCR,38280.0
BDUR,URADR,6840.0
BDUR,PVCL,163560.0
BDUR,AVHR,11160.0
BDUR,SIBVR,24000.0
BDUR,SIAVR,66600.0
BDUR,AVDL,140520.0
BDUR,ASHR,10080.0
BWM-VL05,BWM-VL07,36720.0
BWM-VL05,BWM-VL01,480.0
BWM-VL05,BWM-VL03,735480.0
BWM-VL05,RMDVR,192240.0
BWM-VL05,SMBVL,52200.0
BDUL,PVCR,30600.0
BDUL,URADL,26760.0
BDUL,PVCL,64200.0
BDUL,BWM-DL02,4920.0
BDUL,AVHR,80400.0
BDUL,SIBVR,182280.0
BDUL,ASHL,116760.0
BDUL,SIAVL,19080.0
BDUL,ASHR,108240.0
BWM-VL07,SMBVL,82440.0
BWM-VL07,SIAVL,1080.0
BWM-VL06,BWM-VL08,38640.0
BWM-VL06,RMDVR,31560.0
BWM-VL06,SMBVL,166080.0
BWM-VL06,RIAR,3240.0
BWM-VL06,SIAVL,5520.0
BWM-VL01,BWM-VL03,1884240.0
BWM-VL01,BWM-VL02,148440.0
BWM-VL01,RMDVR,451560.0
BWM-VL01,RIPL,171600.0
BWM-VL01,RMDVL,137160.0
BWM-VL01,SMBVL,126360.0
BWM-VL01,IL1VL,61800.0
BWM-VL03,RMDVR,613560.0
BWM-VL03,RMDVL,62040.0
BWM-VL03,SMBVL,102840.0
BWM-VL03,RIAR,1560.0
BWM-VL03,RIAL,2760.0
BWM-VL02,RMDVR,498000.0
BWM-VL02,RIPL,13080.0
BWM-VL02,BWM-DL02,858840.0
BWM-VL02,SMBVL,36720.0
BWM-VL02,IL1VL,47640.0
RIGR,BAGL,541920.0
RIGR,AIBR,79320.0
RIGR,PVCR,43440.0
RIGR,AVKR,285840.0
RIGR,AVKL,674760.0
RIGR,PVCL,51000.0
RIGR,AIBL,579720.0
RIGR,ADER,131400.0
RIGR,PVPR,43920.0
RIGR,ADEL,171120.0
RIGR,AIZL,3120.0
RIGR,IL1VR,33600.0
RIGR,SIBVR,83760.0
RIGR,SMBVL,56760.0
RIGR,SIADR,240.0
RIGR,SAAVL,226800.0
RIGR,AIZR,754920.0
RIGR,SAAVR,11520.0
RIGR,RIAR,234360.0
RIGR,SIAVR,8160.0
RIGR,AVDL,63120.0
RIGR,ASHR,8160.0
BWM-VL08,SMBVL,5040.0
BAGL,AIBR,2040.0
BAGL,URADL,5160.0
BAGL,RMDVL,79800.0
BAGL,AIBL,114840.0
BAGL,AVAR,120000.0
BAGL,PVPR,12840.0
BAGL,IL1VR,84360.0
BAGL,SIBVR,113640.0
BAGL,RIBL,401880.0
BAGL,SAAVL,131400.0
BAGL,AIZR,248880.0
BAGL,SAAVR,13560.0
BAGL,RIAR,427440.0
BAGL,AVDR,91680.0
BAGL,AVDL,220440.0
AIBR,AVKR,348960.0
AIBR,AVKL,262560.0
AIBR,AIBL,200640.0
AIBR,AWAR,169320.0
AIBR,PVPL,120720.0
AIBR,AVAR,315480.0
AIBR,ADEL,6000.0
AIBR,ASIR,292080.0
AIBR,AIZL,363840.0
AIBR,SIBVR,53640.0
AIBR,RIBL,269040.0
AIBR,SMBVL,2160.0
AIBR,SAAVL,107280.0
AIBR,IL1VL,28200.0
AIBR,AIZR,31800.0
AIBR,ASHL,44400.0
AIBR,SAAVR,122040.0
AIBR,SIAVL,18120.0
AIBR,AVDR,93720.0
AIBR,AVDL,34560.0
AIBR,RIAL,203280.0
AIBR,ASHR,395520.0
PVCR,PVCL,371760.0
PVCR,ADER,119280.0
PVCR,PVPL,524400.0
PVCR,AVHR,386040.0
PVCR,SIBVR,76200.0
PVCR,SMBVL,122760.0
PVCR,ASHL,164160.0
PVCR,SIAVL,42960.0
PVCR,AVDR,125040.0
PVCR,SIAVR,47160.0
PVCR,AVDL,47640.0
AVKR,AVKL,1746240.0
AVKR,AIBL,451800.0
AVKR,ADER,108960.0
AVKR,PVPL,236760.0
AVKR,AVAR,26160.0
AVKR,ADEL,49800.0
AVKR,AIZL,31920.0
AVKR,RIBL,120.0
AVKR,SMBVL,11520.0
AVKR,SIADR,185520.0
AVKR,SAAVL,12720.0
AVKR,AIZR,35520.0
AVKR,SIAVL,65760.0
AVKR,AVDR,44280.0
URADL,RIPL,545760.0
URADL,RMDVL,360.0
URADL,BWM-DL02,213000.0
URADL,RIBL,720.0
URADL,ASHL,9120.0
URADL,AVDL,52680.0
RMDVR,RIPL,480.0
RMDVR,RIPR,5280.0
RMDVR,RMDVL,995160.0
RMDVR,AIBL,3840.0
RMDVR,AVAR,225360.0
RMDVR,BWM-DR05,98520.0
RMDVR,SIBVR,53520.0
RMDVR,SMBVL,700560.0
RMDVR,SIADR,65520.0
RMDVR,IL1VL,161280.0
RMDVR,SAAVR,336600.0
RMDVR,RIAR,1403400.0
RMDVR,SIAVL,395520.0
RMDVR,SIAVR,51840.0
RMDVR,AVDL,38280.0
RMDVR,RIAL,908400.0
RIPL,RIPR,191520.0
RIPL,URADR,360.0
RIPL,BWM-DL02,51360.0
RIPL,IL1VL,299520.0
RIPR,URADR,401640.0
RIPR,IL1VR,442080.0
RMDVL,RMDVL,12840.0
RMDVL,ASIL,8280.0
RMDVL,BWM-DL02,99960.0
RMDVL,AVAR,52200.0
RMDVL,IL1VR,137400.0
RMDVL,SIBVR,171600.0
RMDVL,RIBL,227520.0
RMDVL,SAAVL,430680.0
RMDVL,SAAVR,5520.0
RMDVL,RIAR,904320.0
RMDVL,SIAVL,37080.0
RMDVL,AVDR,24120.0
RMDVL,SIAVR,454440.0
RMDVL,AVDL,32280.0
RMDVL,RIAL,1420440.0
AVKL,AIBL,324360.0
AVKL,ADER,94440.0
AVKL,PVPL,38400.0
AVKL,PVPR,146160.0
AVKL,ADEL,55800.0
AVKL,RIBL,12600.0
AVKL,SMBVL,12480.0
AVKL,SIADR,210960.0
AVKL,AIZR,105480.0
AVKL,SAAVR,7080.0
AVKL,RIAR,7680.0
AVKL,AVDR,360.0
URADR,AVHR,18960.0
URADR,AVDR,49920.0
URADR,AVDL,2880.0
PVCL,ADER,49800.0
PVCL,PVPR,21360.0
PVCL,AVHR,153480.0
PVCL,SIBVR,57000.0
PVCL,SMBVL,137280.0
PVCL,SIAVL,168240.0
PVCL,AVDR,23160.0
PVCL,SIAVR,82560.0
PVCL,AVDL,111600.0
PVCL,ASHR,1320.0
AIBL,ASIL,203280.0
AIBL,AVAR,15240.0
AIBL,PVPR,16080.0
AIBL,AWAL,89760.0
AIBL,AIZL,30480.0
AIBL,SIBVR,152880.0
AIBL,SIADR,300960.0
AIBL,SAAVL,83640.0
AIBL,AIZR,606000.0
AIBL,ASHL,459000.0
AIBL,SAAVR,54600.0
AIBL,RIAR,60120.0
AIBL,AVDR,54960.0
AIBL,SIAVR,6960.0
AIBL,AVDL,117600.0
AIBL,RIAL,4680.0
AWAR,AVAR,19200.0
AWAR,PVPR,10440.0
AWAR,ASIR,76560.0
AWAR,AWAL,52560.0
AWAR,SIADR,9600.0
AWAR,AIZR,75360.0
AWAR,ASHR,700560.0
ASIL,ASIR,106440.0
ASIL,SAAVL,31200.0
ASIL,RIAL,12000.0
ADER,AVAR,105480.0
ADER,ADEL,664920.0
ADER,SAAVL,45000.0
ADER,AVDR,11520.0
PVPL,AVAR,181200.0
PVPL,PVPR,17880.0
PVPL,AVHR,711000.0
PVPL,ADEL,33480.0
PVPL,AWAL,3360.0
PVPL,AIZL,7800.0
PVPL,SIBVR,840.0
PVPL,SMBVL,120240.0
PVPL,ASHL,135240.0
PVPL,SAAVR,6720.0
PVPL,SIAVL,16200.0
PVPL,AVDR,232440.0
PVPL,AVDL,11520.0
AVAR,AVAR,9240.0
AVAR,PVPR,26880.0
AVAR,ADEL,308760.0
AVAR,AIZL,94320.0
AVAR,SIBVR,4080.0
AVAR,SAAVL,279600.0
AVAR,AIZR,7680.0
AVAR,SAAVR,976440.0
AVAR,RIAR,104400.0
AVAR,AVDR,318360.0
AVAR,SIAVR,108120.0
AVAR,RIAL,57120.0
AVAR,ASHR,103200.0
PVPR,AVHR,112800.0
PVPR,SIBVR,20760.0
PVPR,SAAVL,6720.0
PVPR,AVDR,39840.0
PVPR,AVDL,374400.0
PVPR,ASHR,239040.0
AVHR,ASIR,9480.0
AVHR,AWAL,111360.0
AVHR,AIZL,294720.0
AVHR,SMBVL,119400.0
AVHR,ASHL,366840.0
AVHR,SIAVL,95520.0
AVHR,AVDR,322200.0
AVHR,AVDL,360.0
AVHR,ASHR,29640.0
ADEL,SAAVR,118320.0
ADEL,AVDR,105600.0
BWM-DR05,SIBVR,35040.0
BWM-DR05,RIAR,3720.0
ASIR,AIZR,59400.0
ASIR,AVDR,2280.0
AWAL,AIZL,87360.0
AWAL,SMBVL,434400.0
AWAL,ASHL,921120.0
AWAL,SIAVL,1320.0
AWAL,ASHR,70560.0
AIZL,SIBVR,30240.0
AIZL,RIBL,493680.0
AIZL,SMBVL,716640.0
AIZL,SAAVL,90480.0
AIZL,AIZR,326880.0
AIZL,ASHL,202800.0
AIZL,RIAR,109200.0
AIZL,AVDL,16800.0
AIZL,RIAL,1070640.0
IL1VR,SIBVR,25080.0
IL1VR,SIADR,32160.0
IL1VR,RIAR,42600.0
IL1VR,SIAVR,13560.0
SIBVR,RIBL,89040.0
SIBVR,SMBVL,143160.0
SIBVR,SIADR,179520.0
SIBVR,SAAVL,12960.0
SIBVR,IL1VL,34800.0
SIBVR,ASHL,3840.0
SIBVR,RIAR,37440.0
SIBVR,SIAVL,406560.0
SIBVR,AVDR,197760.0
SIBVR,SIAVR,524400.0
SIBVR,AVDL,28080.0
SIBVR,ASHR,101400.0
RIBL,SMBVL,3240.0
RIBL,AIZR,6120.0
RIBL,SIAVL,42840.0
RIBL,AVDR,88080.0
RIBL,AVDL,2760.0
RIBL,RIAL,813840.0
SMBVL,IL1VL,54360.0
SMBVL,AIZR,40200.0
SMBVL,ASHL,705240.0
SMBVL,SAAVR,228480.0
SMBVL,RIAR,14160.0
SMBVL,SIAVL,1184520.0
SMBVL,RIAL,166680.0
SIADR,SAAVL,4800.0
SIADR,AIZR,131640.0
SIADR,ASHL,3360.0
SIADR,SAAVR,101400.0
SIADR,RIAR,81720.0
SIADR,SIAVL,28800.0
SIADR,SIAVR,439560.0
SIADR,AVDL,5400.0
SIADR,RIAL,55680.0
SIADR,ASHR,10680.0
SAAVL,SAAVL,9840.0
SAAVL,SAAVR,418440.0
SAAVL,RIAR,38400.0
SAAVL,SIAVL,37920.0
SAAVL,AVDR,54120.0
SAAVL,AVDL,32400.0
SAAVL,RIAL,63840.0
IL1VL,SIAVL,17040.0
IL1VL,RIAL,11640.0
AIZR,RIAR,1084800.0
AIZR,AVDR,62400.0
AIZR,SIAVR,6240.0
AIZR,AVDL,33120.0
AIZR,ASHR,106440.0
ASHL,SIAVL,66240.0
ASHL,AVDR,7560.0
ASHL,AVDL,106920.0
ASHL,RIAL,54240.0
ASHL,ASHR,62880.0
SAAVR,SAAVR,3840.0
SAAVR,RIAR,153600.0
SAAVR,AVDR,46560.0
SAAVR,SIAVR,55440.0
SAAVR,AVDL,6840.0
SAAVR,RIAL,28920.0
RIAR,SIAVL,344400.0
RIAR,SIAVR,42360.0
RIAR,RIAL,1960680.0
RIAR,ASHR,46200.0
SIAVL,RIAL,45960.0
AVDR,AVDL,64200.0
AVDR,ASHR,115080.0
SIAVR,RIAL,183120.0
SIAVR,ASHR,283200.0
AVDL,ASHR,120720.0
